species,class,order,year,month,day,dcmlLng,dcmlLtt,indvdlC,bssOfRc,firename,fireyear,firesize,fireID
Gopherus agassizii,Reptilia,Testudines,2009,5,15,-115.451528,35.154436,NA,HUMAN_OBSERVATION,HACKBERRY COMPLEX 1,2005,63771.3,565
Ovis canadensis nelsoni,Mammalia,Artiodactyla,2020,9,5,-116.493414,33.326946,NA,HUMAN_OBSERVATION,EAGLE,2011,13992.99,314
Puma concolor,Mammalia,Carnivora,2019,11,5,-116.47808,33.153343,NA,HUMAN_OBSERVATION,STEWART,2012,10630.18,417
Colaptes chrysoides,Aves,Piciformes,2019,6,7,-115.51266,35.25319,2,HUMAN_OBSERVATION,DOME,2020,44211.08459,1109
Ammospermophilus nelsoni,Mammalia,Rodentia,2021,5,24,-119.797113,35.113389,NA,HUMAN_OBSERVATION,WASH,2010,947.4305,1087
Ovis canadensis nelsoni,Mammalia,Artiodactyla,2006,12,30,-116.452502,33.312273,NA,HUMAN_OBSERVATION,EAGLE,2011,13992.99,314
Cyprinodon macularius,Actinopterygii,Cyprinodontiformes,2018,6,29,-116.493487,33.356533,NA,HUMAN_OBSERVATION,EAGLE,2011,13992.99,314
Colaptes chrysoides,Aves,Piciformes,2010,7,16,-115.55262,35.31624,2,HUMAN_OBSERVATION,DOME,2020,44211.08459,1109
Haliaeetus leucocephalus,Aves,Accipitriformes,2011,5,29,-121.30736,37.44076,NA,HUMAN_OBSERVATION,DEL PUERTO,2020,390647.2556,1112
Colaptes chrysoides,Aves,Piciformes,2010,6,1,-115.52253,35.26816,1,HUMAN_OBSERVATION,DOME,2020,44211.08459,1109
Agelaius tricolor,Aves,Passeriformes,2010,4,22,-120.174,35.9561,2,HUMAN_OBSERVATION,AVENAL,2008,945.3325,941
Agelaius tricolor,Aves,Passeriformes,2017,2,26,-116.534831,33.375444,NA,HUMAN_OBSERVATION,COYOTE,2003,18704.78,506
Empidonax traillii,Aves,Passeriformes,2020,10,3,-116.56721,34.047775,NA,HUMAN_OBSERVATION,PARADISE,2005,3081.726,271
Colaptes chrysoides,Aves,Piciformes,2013,12,28,-115.51266,35.25319,2,HUMAN_OBSERVATION,DOME,2020,44211.08459,1109
Ovis canadensis nelsoni,Mammalia,Artiodactyla,2017,3,4,-116.473421,33.261868,NA,HUMAN_OBSERVATION,PINES,2002,61691.24,263
Ovis canadensis nelsoni,Mammalia,Artiodactyla,2017,2,18,-116.473271,33.303021,NA,HUMAN_OBSERVATION,PINES,2002,61691.24,263
Ovis canadensis nelsoni,Mammalia,Artiodactyla,2017,2,18,-116.473271,33.303021,NA,HUMAN_OBSERVATION,EAGLE,2011,13992.99,314
Gopherus agassizii,Reptilia,Testudines,2015,5,27,-115.489642,35.004906,NA,HUMAN_OBSERVATION,BLAIR,2006,66.48067,673
Buteo swainsoni,Aves,Accipitriformes,2021,5,21,-115.823739,33.499592,NA,HUMAN_OBSERVATION,DOS PALMAS,2008,456.4143,283
Cyprinodon macularius,Actinopterygii,Cyprinodontiformes,2017,9,25,-116.459088,33.331965,NA,HUMAN_OBSERVATION,EAGLE,2011,13992.99,314
Ovis canadensis nelsoni,Mammalia,Artiodactyla,2020,3,9,-116.482208,33.22775,NA,HUMAN_OBSERVATION,PINES,2002,61691.24,263
Empidonax traillii,Aves,Passeriformes,2016,9,4,-121.06041,37.08305,1,HUMAN_OBSERVATION,ROMERO,2000,1706.85,873
Empidonax traillii,Aves,Passeriformes,1998,5,16,-115.33627,35.160686,NA,HUMAN_OBSERVATION,HACKBERRY COMPLEX 1,2005,63771.3,565
Uma inornata,Reptilia,Squamata,2004,4,23,-116.610386,33.83464,NA,HUMAN_OBSERVATION,TRAM,2013,59.22004,531
Agelaius tricolor,Aves,Passeriformes,2020,1,4,-120.922588,36.70639,NA,HUMAN_OBSERVATION,BROWN,2008,3786.915,935
Agelaius tricolor,Aves,Passeriformes,2019,1,18,-120.827993,36.53064,NA,HUMAN_OBSERVATION,NEW IDRIA,2003,632.0136,911
Haliaeetus leucocephalus,Aves,Accipitriformes,2020,2,6,-120.48183,36.081917,1,HUMAN_OBSERVATION,MINERAL,2020,29666.84215,1111
Colaptes chrysoides,Aves,Piciformes,2019,6,19,-115.51266,35.25319,2,HUMAN_OBSERVATION,DOME,2020,44211.08459,1109
Gymnogyps californianus,Aves,Accipitriformes,2012,2,3,-119.407104,34.92114,4,HUMAN_OBSERVATION,SCHOOL,2014,223.7788,1094
Colaptes chrysoides,Aves,Piciformes,1975,12,4,-115.42099,35.092037,1,HUMAN_OBSERVATION,HACKBERRY COMPLEX 1,2005,63771.3,565
Colaptes chrysoides,Aves,Piciformes,2017,4,2,-115.60192,35.277576,1,HUMAN_OBSERVATION,DOME,2020,44211.08459,1109
Empidonax traillii,Aves,Passeriformes,2015,6,7,-115.43524,35.131176,2,HUMAN_OBSERVATION,HACKBERRY COMPLEX 1,2005,63771.3,565
Haliaeetus leucocephalus,Aves,Accipitriformes,2019,6,19,-121.15877,37.169483,1,HUMAN_OBSERVATION,MCCABE,2015,1728.974,997
Haliaeetus leucocephalus,Aves,Accipitriformes,2019,6,19,-121.15877,37.169483,1,HUMAN_OBSERVATION,DEL PUERTO,2020,390647.2556,1112
Colaptes chrysoides,Aves,Piciformes,2019,5,26,-115.51266,35.25319,3,HUMAN_OBSERVATION,DOME,2020,44211.08459,1109
Colaptes chrysoides,Aves,Piciformes,2008,4,5,-115.56999,35.347614,1,HUMAN_OBSERVATION,DOME,2020,44211.08459,1109
Buteo swainsoni,Aves,Accipitriformes,2016,1,30,-121.03,37.062,1,HUMAN_OBSERVATION,BASALT,2004,410.184,929
Buteo swainsoni,Aves,Accipitriformes,2014,4,5,-115.55262,35.31624,1,HUMAN_OBSERVATION,DOME,2020,44211.08459,1109
Melanerpes uropygialis,Aves,Piciformes,2010,2,6,-114.718895,32.727943,1,HUMAN_OBSERVATION,ALAMO,2016,136.4,360
Agelaius tricolor,Aves,Passeriformes,2014,3,28,-121.30736,37.44076,10,HUMAN_OBSERVATION,DEL PUERTO,2020,390647.2556,1112
Empidonax traillii,Aves,Passeriformes,2019,5,11,-115.55262,35.31624,1,HUMAN_OBSERVATION,DOME,2020,44211.08459,1109
Empidonax traillii,Aves,Passeriformes,1972,6,4,-116.58022,34.044693,NA,HUMAN_OBSERVATION,PARADISE,2005,3081.726,271
Gymnogyps californianus,Aves,Accipitriformes,2017,10,10,-119.40669,34.928482,7,HUMAN_OBSERVATION,SCHOOL,2014,223.7788,1094
Haliaeetus leucocephalus,Aves,Accipitriformes,2018,12,21,-121.07082,37.077686,1,HUMAN_OBSERVATION,SAN LUIS,2005,332.2597,727
Haliaeetus leucocephalus,Aves,Accipitriformes,2018,12,21,-121.07082,37.077686,1,HUMAN_OBSERVATION,ROMERO,2000,1706.85,873
Haliaeetus leucocephalus,Aves,Accipitriformes,2018,12,21,-121.07082,37.077686,1,HUMAN_OBSERVATION,ROMERO,2008,766.0438,938
Haliaeetus leucocephalus,Aves,Accipitriformes,2018,12,21,-121.07082,37.077686,1,HUMAN_OBSERVATION,ROMERO,2011,451.0401,971
Colaptes chrysoides,Aves,Piciformes,2019,6,7,-115.51266,35.25319,2,HUMAN_OBSERVATION,DOME,2020,44211.08459,1109
Haliaeetus leucocephalus,Aves,Accipitriformes,2015,1,29,-121.06041,37.08305,1,HUMAN_OBSERVATION,ROMERO,2000,1706.85,873
Colaptes chrysoides,Aves,Piciformes,2017,4,15,-115.60192,35.277576,2,HUMAN_OBSERVATION,DOME,2020,44211.08459,1109
Buteo swainsoni,Aves,Accipitriformes,2020,7,22,-121.03,37.062,1,HUMAN_OBSERVATION,BASALT,2004,410.184,929
Agelaius tricolor,Aves,Passeriformes,1983,6,10,-118.96196,35.529922,NA,HUMAN_OBSERVATION,REED,2011,5899.568,968
Empidonax traillii,Aves,Passeriformes,1999,5,7,-116.58022,34.044693,1,HUMAN_OBSERVATION,PARADISE,2005,3081.726,271
Buteo swainsoni,Aves,Accipitriformes,2013,5,20,-121.06041,37.08305,1,HUMAN_OBSERVATION,ROMERO,2000,1706.85,873
Buteo swainsoni,Aves,Accipitriformes,2019,3,24,-121.03,37.062,1,HUMAN_OBSERVATION,BASALT,2004,410.184,929
Empidonax traillii,Aves,Passeriformes,1974,9,19,-116.58022,34.044693,1,HUMAN_OBSERVATION,PARADISE,2005,3081.726,271
Colaptes chrysoides,Aves,Piciformes,2019,5,18,-115.523964,35.269314,1,HUMAN_OBSERVATION,DOME,2020,44211.08459,1109
Riparia riparia,Aves,Passeriformes,2019,5,27,-116.2235,35.832287,10,HUMAN_OBSERVATION,TECOPA,2010,105.7345,291
Buteo swainsoni,Aves,Accipitriformes,2009,5,3,-119.50361,34.894096,1,HUMAN_OBSERVATION,HWY166,2004,65.16033,856
Empidonax traillii,Aves,Passeriformes,2017,5,27,-116.2235,35.832287,1,HUMAN_OBSERVATION,TECOPA,2010,105.7345,291
Colaptes chrysoides,Aves,Piciformes,2015,5,25,-115.51266,35.25319,1,HUMAN_OBSERVATION,DOME,2020,44211.08459,1109
Colaptes chrysoides,Aves,Piciformes,2018,11,25,-115.51266,35.25319,1,HUMAN_OBSERVATION,DOME,2020,44211.08459,1109
Buteo swainsoni,Aves,Accipitriformes,2013,5,20,-121.06041,37.08305,1,HUMAN_OBSERVATION,ROMERO,2000,1706.85,873
Buteo swainsoni,Aves,Accipitriformes,2015,6,30,-121.06041,37.08305,1,HUMAN_OBSERVATION,ROMERO,2000,1706.85,873
Buteo swainsoni,Aves,Accipitriformes,2010,5,22,-115.55262,35.31624,1,HUMAN_OBSERVATION,DOME,2020,44211.08459,1109
Colaptes chrysoides,Aves,Piciformes,2010,5,22,-115.55262,35.31624,1,HUMAN_OBSERVATION,DOME,2020,44211.08459,1109
Colaptes chrysoides,Aves,Piciformes,2017,3,17,-115.57676,35.354145,1,HUMAN_OBSERVATION,DOME,2020,44211.08459,1109
Agelaius tricolor,Aves,Passeriformes,2003,3,8,-120.6635,37.185223,NA,HUMAN_OBSERVATION,SANDY,2016,0,1107
Haliaeetus leucocephalus,Aves,Accipitriformes,2015,12,3,-121.06041,37.08305,3,HUMAN_OBSERVATION,ROMERO,2000,1706.85,873
Haliaeetus leucocephalus,Aves,Accipitriformes,2019,9,7,-121.059135,37.07799,1,HUMAN_OBSERVATION,ROMERO,2000,1706.85,873
Haliaeetus leucocephalus,Aves,Accipitriformes,2019,9,7,-121.059135,37.07799,1,HUMAN_OBSERVATION,ROMERO,2008,766.0438,938
Colaptes chrysoides,Aves,Piciformes,2013,12,28,-115.51266,35.25319,2,HUMAN_OBSERVATION,DOME,2020,44211.08459,1109
Empidonax traillii,Aves,Passeriformes,2014,5,23,-119.58132,35.025692,2,HUMAN_OBSERVATION,SODA,2016,2000.281,1086
Haliaeetus leucocephalus,Aves,Accipitriformes,2020,12,1,-121.03,37.062,1,HUMAN_OBSERVATION,BASALT,2004,410.184,929
Agelaius tricolor,Aves,Passeriformes,2010,4,21,-117.38007,34.318535,8,HUMAN_OBSERVATION,OLD,2003,91428,512
Empidonax traillii,Aves,Passeriformes,2018,9,26,-121.06041,37.08305,1,HUMAN_OBSERVATION,ROMERO,2000,1706.85,873
Buteo swainsoni,Aves,Accipitriformes,2017,5,28,-120.80931,36.89789,2,HUMAN_OBSERVATION,DOS AMIGOS,2005,746.0347,721
Buteo swainsoni,Aves,Accipitriformes,2012,4,2,-120.174,35.9561,1,HUMAN_OBSERVATION,AVENAL,2008,945.3325,941
Haliaeetus leucocephalus,Aves,Accipitriformes,2015,3,9,-121.06041,37.08305,1,HUMAN_OBSERVATION,ROMERO,2000,1706.85,873
Haliaeetus leucocephalus,Aves,Accipitriformes,2015,7,11,-121.06041,37.08305,2,HUMAN_OBSERVATION,ROMERO,2000,1706.85,873
Buteo swainsoni,Aves,Accipitriformes,2014,4,24,-121.30736,37.44076,2,HUMAN_OBSERVATION,DEL PUERTO,2020,390647.2556,1112
Colaptes chrysoides,Aves,Piciformes,2020,10,17,-115.51266,35.25319,1,HUMAN_OBSERVATION,DOME,2020,44211.08459,1109
Haliaeetus leucocephalus,Aves,Accipitriformes,2015,12,3,-121.06041,37.08305,1,HUMAN_OBSERVATION,ROMERO,2000,1706.85,873
Empidonax traillii,Aves,Passeriformes,2003,5,31,-116.46194,33.226517,1,HUMAN_OBSERVATION,PINES,2002,61691.24,263
Colaptes chrysoides,Aves,Piciformes,2014,3,24,-115.55262,35.31624,1,HUMAN_OBSERVATION,DOME,2020,44211.08459,1109
Haliaeetus leucocephalus,Aves,Accipitriformes,2016,1,30,-121.03,37.062,1,HUMAN_OBSERVATION,BASALT,2004,410.184,929
Riparia riparia,Aves,Passeriformes,2019,5,27,-116.2235,35.832287,10,HUMAN_OBSERVATION,TECOPA,2010,105.7345,291
Empidonax traillii,Aves,Passeriformes,2013,8,31,-115.43524,35.131176,1,HUMAN_OBSERVATION,HACKBERRY COMPLEX 1,2005,63771.3,565
Empidonax traillii,Aves,Passeriformes,1985,8,14,-115.3593,35.1476,1,HUMAN_OBSERVATION,HACKBERRY COMPLEX 1,2005,63771.3,565
Empidonax traillii,Aves,Passeriformes,2005,5,24,-116.2235,35.832287,NA,HUMAN_OBSERVATION,TECOPA,2010,105.7345,291
Colaptes chrysoides,Aves,Piciformes,2013,8,8,-115.52253,35.26816,1,HUMAN_OBSERVATION,DOME,2020,44211.08459,1109
Empidonax traillii,Aves,Passeriformes,2009,5,23,-120.174,35.9561,1,HUMAN_OBSERVATION,AVENAL,2008,945.3325,941
Empidonax traillii,Aves,Passeriformes,2011,5,16,-117.45584,34.322678,3,HUMAN_OBSERVATION,BLUE CUT,2016,36266.55,414
Empidonax traillii,Aves,Passeriformes,2011,5,16,-117.45584,34.322678,3,HUMAN_OBSERVATION,BLUE CUT,2002,6821.039,508
Empidonax traillii,Aves,Passeriformes,2009,6,15,-116.2235,35.832287,NA,HUMAN_OBSERVATION,TECOPA,2010,105.7345,291
Empidonax traillii,Aves,Passeriformes,2005,6,2,-116.2235,35.832287,NA,HUMAN_OBSERVATION,TECOPA,2010,105.7345,291
Haliaeetus leucocephalus,Aves,Accipitriformes,2015,12,2,-121.06041,37.08305,1,HUMAN_OBSERVATION,ROMERO,2000,1706.85,873
Colaptes chrysoides,Aves,Piciformes,2017,7,27,-115.386314,35.177177,1,HUMAN_OBSERVATION,HACKBERRY COMPLEX 1,2005,63771.3,565
Empidonax traillii,Aves,Passeriformes,2008,5,29,-116.22368,35.83723,NA,HUMAN_OBSERVATION,TECOPA,2010,105.7345,291
Buteo swainsoni,Aves,Accipitriformes,2016,2,27,-121.06041,37.08305,2,HUMAN_OBSERVATION,ROMERO,2000,1706.85,873
Haliaeetus leucocephalus,Aves,Accipitriformes,2014,3,13,-121.06041,37.08305,NA,HUMAN_OBSERVATION,ROMERO,2000,1706.85,873
Empidonax traillii,Aves,Passeriformes,2001,6,2,-117.45919,34.32205,1,HUMAN_OBSERVATION,BLUE CUT,2016,36266.55,414
Empidonax traillii,Aves,Passeriformes,2001,6,2,-117.45919,34.32205,1,HUMAN_OBSERVATION,BLUE CUT,2002,6821.039,508
Riparia riparia,Aves,Passeriformes,2014,5,23,-116.23726,35.88015,4,HUMAN_OBSERVATION,TECOPA,2017,26.99327,392
Colaptes chrysoides,Aves,Piciformes,2010,5,22,-115.55262,35.31624,1,HUMAN_OBSERVATION,DOME,2020,44211.08459,1109
Colaptes chrysoides,Aves,Piciformes,2010,5,22,-115.55262,35.31624,1,HUMAN_OBSERVATION,DOME,2020,44211.08459,1109
Buteo swainsoni,Aves,Accipitriformes,2009,6,23,-121.03,37.062,1,HUMAN_OBSERVATION,BASALT,2004,410.184,929
Riparia riparia,Aves,Passeriformes,2009,4,26,-116.22368,35.83723,1,HUMAN_OBSERVATION,TECOPA,2010,105.7345,291
Buteo swainsoni,Aves,Accipitriformes,2015,4,18,-120.174,35.9561,1,HUMAN_OBSERVATION,AVENAL,2008,945.3325,941
Colaptes chrysoides,Aves,Piciformes,2010,4,11,-115.55262,35.31624,1,HUMAN_OBSERVATION,DOME,2020,44211.08459,1109
Colaptes chrysoides,Aves,Piciformes,2014,5,17,-115.55262,35.31624,1,HUMAN_OBSERVATION,DOME,2020,44211.08459,1109
Agelaius tricolor,Aves,Passeriformes,2017,5,2,-119.58132,35.025692,8,HUMAN_OBSERVATION,SODA,2016,2000.281,1086
Agelaius tricolor,Aves,Passeriformes,2014,6,6,-121.30011,37.441776,3,HUMAN_OBSERVATION,DEL PUERTO,2020,390647.2556,1112
Empidonax traillii,Aves,Passeriformes,2002,6,11,-118.08964,36.688896,NA,HUMAN_OBSERVATION,MOFFAT,2018,1253.925,351
Buteo swainsoni,Aves,Accipitriformes,2020,9,22,-121.255264,37.448895,1,HUMAN_OBSERVATION,DEL PUERTO,2020,390647.2556,1112
Agelaius tricolor,Aves,Passeriformes,2012,1,17,-121.03,37.062,1,HUMAN_OBSERVATION,BASALT,2004,410.184,929
Colaptes chrysoides,Aves,Piciformes,1972,7,5,-115.55262,35.31624,2,HUMAN_OBSERVATION,DOME,2020,44211.08459,1109
Colaptes chrysoides,Aves,Piciformes,2019,5,19,-115.51266,35.25319,1,HUMAN_OBSERVATION,DOME,2020,44211.08459,1109
Empidonax traillii,Aves,Passeriformes,2019,5,11,-115.55262,35.31624,1,HUMAN_OBSERVATION,DOME,2020,44211.08459,1109
Buteo swainsoni,Aves,Accipitriformes,2016,4,10,-116.5078,33.14084,1,HUMAN_OBSERVATION,STEWART,2012,10630.18,417
Colaptes chrysoides,Aves,Piciformes,2020,6,13,-115.43697,35.163403,1,HUMAN_OBSERVATION,HACKBERRY COMPLEX 1,2005,63771.3,565
Haliaeetus leucocephalus,Aves,Accipitriformes,2015,10,3,-121.06041,37.08305,1,HUMAN_OBSERVATION,ROMERO,2000,1706.85,873
Buteo swainsoni,Aves,Accipitriformes,2019,4,13,-115.43524,35.131176,2,HUMAN_OBSERVATION,HACKBERRY COMPLEX 1,2005,63771.3,565
Haliaeetus leucocephalus,Aves,Accipitriformes,2016,1,30,-121.13317,37.10022,1,HUMAN_OBSERVATION,COTTONWOOD2,2008,796.5697,939
Agelaius tricolor,Aves,Passeriformes,2019,5,24,-117.898926,34.47154,1,HUMAN_OBSERVATION,BOBCAT,2020,115997.5701,1110
Colaptes chrysoides,Aves,Piciformes,2017,3,18,-115.52008,35.26856,2,HUMAN_OBSERVATION,DOME,2020,44211.08459,1109
Haliaeetus leucocephalus,Aves,Accipitriformes,2016,1,30,-121.03,37.062,1,HUMAN_OBSERVATION,BASALT,2004,410.184,929
Empidonax traillii,Aves,Passeriformes,2004,6,5,-116.46194,33.226517,1,HUMAN_OBSERVATION,PINES,2002,61691.24,263
Melanerpes uropygialis,Aves,Piciformes,2011,6,15,-114.68353,33.202213,2,HUMAN_OBSERVATION,DRAPER,2017,754.3,368
Buteo swainsoni,Aves,Accipitriformes,2016,5,13,-121.06041,37.08305,2,HUMAN_OBSERVATION,ROMERO,2000,1706.85,873
Agelaius tricolor,Aves,Passeriformes,2012,4,17,-118.42872,34.70799,969,HUMAN_OBSERVATION,POWERHOUSE,2013,30267.57,418
Empidonax traillii,Aves,Passeriformes,2017,9,24,-121.06041,37.08305,1,HUMAN_OBSERVATION,ROMERO,2000,1706.85,873
Empidonax traillii,Aves,Passeriformes,2019,5,11,-115.55262,35.31624,1,HUMAN_OBSERVATION,DOME,2020,44211.08459,1109
Haliaeetus leucocephalus,Aves,Accipitriformes,2019,11,3,-121.06041,37.08305,1,HUMAN_OBSERVATION,ROMERO,2000,1706.85,873
Haliaeetus leucocephalus,Aves,Accipitriformes,2012,2,3,-119.407104,34.92114,1,HUMAN_OBSERVATION,SCHOOL,2014,223.7788,1094
Agelaius tricolor,Aves,Passeriformes,1999,3,27,-120.174,35.9561,1,HUMAN_OBSERVATION,AVENAL,2008,945.3325,941
Colaptes chrysoides,Aves,Piciformes,1998,6,7,-115.60192,35.277576,2,HUMAN_OBSERVATION,DOME,2020,44211.08459,1109
Colaptes chrysoides,Aves,Piciformes,2013,8,31,-115.51266,35.25319,1,HUMAN_OBSERVATION,DOME,2020,44211.08459,1109
Colaptes chrysoides,Aves,Piciformes,2020,6,13,-115.51266,35.25319,2,HUMAN_OBSERVATION,DOME,2020,44211.08459,1109
Agelaius tricolor,Aves,Passeriformes,1999,3,30,-120.174,35.9561,NA,HUMAN_OBSERVATION,AVENAL,2008,945.3325,941
Empidonax traillii,Aves,Passeriformes,2011,6,15,-114.68353,33.202213,1,HUMAN_OBSERVATION,DRAPER,2017,754.3,368
Riparia riparia,Aves,Passeriformes,2013,4,10,-116.58022,34.044693,1,HUMAN_OBSERVATION,PARADISE,2005,3081.726,271
Colaptes chrysoides,Aves,Piciformes,2014,6,21,-115.52318,35.26818,1,HUMAN_OBSERVATION,DOME,2020,44211.08459,1109
Haliaeetus leucocephalus,Aves,Accipitriformes,2014,6,6,-121.30011,37.441776,1,HUMAN_OBSERVATION,DEL PUERTO,2020,390647.2556,1112
Colaptes chrysoides,Aves,Piciformes,2019,5,12,-115.520065,35.268368,1,HUMAN_OBSERVATION,DOME,2020,44211.08459,1109
Colaptes chrysoides,Aves,Piciformes,2016,4,23,-115.52041,35.268417,1,HUMAN_OBSERVATION,DOME,2020,44211.08459,1109
Colaptes chrysoides,Aves,Piciformes,1973,6,25,-115.60192,35.277576,1,HUMAN_OBSERVATION,DOME,2020,44211.08459,1109
Empidonax traillii,Aves,Passeriformes,2012,5,26,-117.85463,34.44599,NA,HUMAN_OBSERVATION,BOBCAT,2020,115997.5701,1110
Colaptes chrysoides,Aves,Piciformes,2016,5,8,-115.51266,35.25319,1,HUMAN_OBSERVATION,DOME,2020,44211.08459,1109
Riparia riparia,Aves,Passeriformes,2016,5,14,-117.29355,34.309288,2,HUMAN_OBSERVATION,PILOT,2016,8110.823,409
Colaptes chrysoides,Aves,Piciformes,2018,4,10,-115.5301,35.288033,1,HUMAN_OBSERVATION,DOME,2020,44211.08459,1109
Puma concolor,Mammalia,Carnivora,2019,7,20,-116.476837,33.152608,NA,HUMAN_OBSERVATION,STEWART,2012,10630.18,417
Cyprinodon macularius,Actinopterygii,Cyprinodontiformes,2017,4,12,-116.469246,33.314483,NA,HUMAN_OBSERVATION,PINES,2002,61691.24,263
Cyprinodon macularius,Actinopterygii,Cyprinodontiformes,2017,4,12,-116.469246,33.314483,NA,HUMAN_OBSERVATION,EAGLE,2011,13992.99,314
Bombus crotchii,Insecta,Hymenoptera,2020,3,28,-116.548907,33.140378,NA,HUMAN_OBSERVATION,PINES,2002,61691.24,263
Uma inornata,Reptilia,Squamata,2020,2,21,-116.572821,33.999004,NA,HUMAN_OBSERVATION,INDIAN 2,2005,188.7452,78
Agelaius tricolor,Aves,Passeriformes,2010,2,25,-117.38007,34.318535,50,HUMAN_OBSERVATION,OLD,2003,91428,512
Colaptes chrysoides,Aves,Piciformes,2015,5,25,-115.51266,35.25319,1,HUMAN_OBSERVATION,DOME,2020,44211.08459,1109
Melanerpes uropygialis,Aves,Piciformes,2011,7,7,-114.68353,33.202213,2,HUMAN_OBSERVATION,DRAPER,2017,754.3,368
Agelaius tricolor,Aves,Passeriformes,2011,4,17,-118.42258,34.71664,150,HUMAN_OBSERVATION,POWERHOUSE,2013,30267.57,418
Colaptes chrysoides,Aves,Piciformes,2012,4,15,-115.528321,35.285739,NA,HUMAN_OBSERVATION,DOME,2020,44211.08459,1109
Colaptes chrysoides,Aves,Piciformes,1973,6,25,-115.60192,35.277576,1,HUMAN_OBSERVATION,DOME,2020,44211.08459,1109
Anaxyrus californicus,Amphibia,Anura,2019,7,11,-117.265119,34.350382,NA,HUMAN_OBSERVATION,LOS FLORES,2007,4099.966,73
Ovis canadensis nelsoni,Mammalia,Artiodactyla,2020,12,22,-116.555203,33.71988,NA,HUMAN_OBSERVATION,MOUNTAIN,2013,27523.67,331
Buteo swainsoni,Aves,Accipitriformes,2016,1,30,-121.03,37.062,1,HUMAN_OBSERVATION,BASALT,2004,410.184,929
Haliaeetus leucocephalus,Aves,Accipitriformes,2015,12,3,-121.06041,37.08305,3,HUMAN_OBSERVATION,ROMERO,2000,1706.85,873
Empidonax traillii,Aves,Passeriformes,2019,5,11,-115.55262,35.31624,1,HUMAN_OBSERVATION,DOME,2020,44211.08459,1109
Haliaeetus leucocephalus,Aves,Accipitriformes,2019,10,28,-121.06041,37.08305,1,HUMAN_OBSERVATION,ROMERO,2000,1706.85,873
Puma concolor,Mammalia,Carnivora,2021,5,22,-116.496596,33.128107,NA,HUMAN_OBSERVATION,STEWART,2012,10630.18,417
Puma concolor,Mammalia,Carnivora,2018,11,3,-116.475664,33.152238,NA,HUMAN_OBSERVATION,STEWART,2012,10630.18,417
Puma concolor,Mammalia,Carnivora,2018,2,17,-116.483107,33.155196,NA,HUMAN_OBSERVATION,STEWART,2012,10630.18,417
Ovis canadensis nelsoni,Mammalia,Artiodactyla,2009,11,26,-116.70201,33.906552,NA,HUMAN_OBSERVATION,VERBENIA,2004,3831.371,82
Gopherus agassizii,Reptilia,Testudines,2021,3,7,-116.647241,33.937689,NA,HUMAN_OBSERVATION,VIEW,2012,376.1476,400
Ovis canadensis nelsoni,Mammalia,Artiodactyla,2019,11,15,-116.456347,33.314352,NA,HUMAN_OBSERVATION,EAGLE,2011,13992.99,314
Colaptes chrysoides,Aves,Piciformes,2000,7,4,-115.51266,35.25319,1,HUMAN_OBSERVATION,DOME,2020,44211.08459,1109
Ovis canadensis nelsoni,Mammalia,Artiodactyla,2016,4,24,-116.514808,33.345671,NA,HUMAN_OBSERVATION,EAGLE,2011,13992.99,314
Ovis canadensis nelsoni,Mammalia,Artiodactyla,2021,1,1,-116.497637,33.342772,NA,HUMAN_OBSERVATION,EAGLE,2011,13992.99,314
Ammospermophilus nelsoni,Mammalia,Rodentia,2015,1,31,-120.928309,36.717083,NA,HUMAN_OBSERVATION,BROWN,2008,3786.915,935
Anaxyrus californicus,Amphibia,Anura,2018,5,22,-117.394661,34.310097,NA,HUMAN_OBSERVATION,OLD,2003,91428,512
Puma concolor,Mammalia,Carnivora,2017,12,2,-116.48178,33.154915,NA,HUMAN_OBSERVATION,STEWART,2012,10630.18,417
Buteo swainsoni,Aves,Accipitriformes,2002,6,25,-118.09715,36.7218,NA,OBSERVATION,MOFFAT,2018,1253.925,351
Empidonax traillii,Aves,Passeriformes,2002,6,10,-118.03279,36.6003,NA,OBSERVATION,RIVER,2013,406.8415,332
Ovis canadensis nelsoni,Mammalia,Artiodactyla,2012,12,21,-116.648406,33.893092,NA,HUMAN_OBSERVATION,BLAISDELL,2005,5491.788,505
Melanerpes uropygialis,Aves,Piciformes,2013,10,26,-114.58019,32.769012,1,HUMAN_OBSERVATION,HAUGHTELIN,2010,2319.5,356
Haliaeetus leucocephalus,Aves,Accipitriformes,2019,11,10,-121.06041,37.08305,1,HUMAN_OBSERVATION,ROMERO,2000,1706.85,873
Agelaius tricolor,Aves,Passeriformes,2009,1,6,-121.03,37.062,NA,HUMAN_OBSERVATION,BASALT,2004,410.184,929
Haliaeetus leucocephalus,Aves,Accipitriformes,2015,2,7,-121.06041,37.08305,1,HUMAN_OBSERVATION,ROMERO,2000,1706.85,873
Buteo swainsoni,Aves,Accipitriformes,2015,4,9,-121.07212,37.074978,2,HUMAN_OBSERVATION,SAN LUIS,2005,332.2597,727
Buteo swainsoni,Aves,Accipitriformes,2015,4,9,-121.07212,37.074978,2,HUMAN_OBSERVATION,ROMERO,2000,1706.85,873
Buteo swainsoni,Aves,Accipitriformes,2015,4,9,-121.07212,37.074978,2,HUMAN_OBSERVATION,ROMERO,2008,766.0438,938
Colaptes chrysoides,Aves,Piciformes,2018,10,4,-115.585526,35.289474,1,HUMAN_OBSERVATION,DOME,2020,44211.08459,1109
Empidonax traillii,Aves,Passeriformes,2013,8,31,-115.43524,35.131176,1,HUMAN_OBSERVATION,HACKBERRY COMPLEX 1,2005,63771.3,565
Colaptes chrysoides,Aves,Piciformes,2004,5,16,-115.51266,35.25319,2,HUMAN_OBSERVATION,DOME,2020,44211.08459,1109
Buteo swainsoni,Aves,Accipitriformes,2017,7,26,-121.03,37.062,2,HUMAN_OBSERVATION,BASALT,2004,410.184,929
Haliaeetus leucocephalus,Aves,Accipitriformes,2015,2,9,-121.06041,37.08305,1,HUMAN_OBSERVATION,ROMERO,2000,1706.85,873
Colaptes chrysoides,Aves,Piciformes,2019,5,26,-115.51266,35.25319,3,HUMAN_OBSERVATION,DOME,2020,44211.08459,1109
Colaptes chrysoides,Aves,Piciformes,2014,4,6,-115.60192,35.277576,1,HUMAN_OBSERVATION,DOME,2020,44211.08459,1109
Haliaeetus leucocephalus,Aves,Accipitriformes,2016,1,23,-121.06041,37.08305,1,HUMAN_OBSERVATION,ROMERO,2000,1706.85,873
Colaptes chrysoides,Aves,Piciformes,2014,4,5,-115.55262,35.31624,1,HUMAN_OBSERVATION,DOME,2020,44211.08459,1109
Buteo swainsoni,Aves,Accipitriformes,2016,4,15,-117.4823,34.318203,4,HUMAN_OBSERVATION,BLUE CUT,2016,36266.55,414
Buteo swainsoni,Aves,Accipitriformes,2016,4,15,-117.4823,34.318203,4,HUMAN_OBSERVATION,LOUISIANA,2002,6564.211,518
Colaptes chrysoides,Aves,Piciformes,2010,6,1,-115.52253,35.26816,1,HUMAN_OBSERVATION,DOME,2020,44211.08459,1109
Agelaius tricolor,Aves,Passeriformes,2010,3,22,-117.38007,34.318535,10,HUMAN_OBSERVATION,OLD,2003,91428,512
Empidonax traillii,Aves,Passeriformes,2019,5,27,-116.2235,35.832287,1,HUMAN_OBSERVATION,TECOPA,2010,105.7345,291
Agelaius tricolor,Aves,Passeriformes,2011,5,21,-120.174,35.9561,10,HUMAN_OBSERVATION,AVENAL,2008,945.3325,941
Colaptes chrysoides,Aves,Piciformes,2018,2,9,-115.55262,35.31624,1,HUMAN_OBSERVATION,DOME,2020,44211.08459,1109
Haliaeetus leucocephalus,Aves,Accipitriformes,2017,5,6,-121.06041,37.08305,1,HUMAN_OBSERVATION,ROMERO,2000,1706.85,873
Ovis canadensis nelsoni,Mammalia,Artiodactyla,2018,5,27,-116.479508,33.257227,NA,HUMAN_OBSERVATION,PINES,2002,61691.24,263
Empidonax traillii,Aves,Passeriformes,2017,5,20,-120.28292,35.825462,3,HUMAN_OBSERVATION,TURKEY,2012,2530.048,975
Empidonax traillii,Aves,Passeriformes,2008,9,22,-121.06041,37.08305,1,HUMAN_OBSERVATION,ROMERO,2000,1706.85,873
Agelaius tricolor,Aves,Passeriformes,2008,5,17,-117.85744,34.45432,12,HUMAN_OBSERVATION,BOBCAT,2020,115997.5701,1110
Buteo swainsoni,Aves,Accipitriformes,2016,4,10,-116.48428,33.12087,1,HUMAN_OBSERVATION,STEWART,2012,10630.18,417
Empidonax traillii,Aves,Passeriformes,2003,9,6,-116.58022,34.044693,NA,HUMAN_OBSERVATION,PARADISE,2005,3081.726,271
Colaptes chrysoides,Aves,Piciformes,2015,5,25,-115.51266,35.25319,1,HUMAN_OBSERVATION,DOME,2020,44211.08459,1109
Haliaeetus leucocephalus,Aves,Accipitriformes,2015,11,26,-121.15877,37.169483,2,HUMAN_OBSERVATION,MCCABE,2015,1728.974,997
Haliaeetus leucocephalus,Aves,Accipitriformes,2015,11,26,-121.15877,37.169483,2,HUMAN_OBSERVATION,DEL PUERTO,2020,390647.2556,1112
Colaptes chrysoides,Aves,Piciformes,2012,3,19,-115.55262,35.31624,2,HUMAN_OBSERVATION,DOME,2020,44211.08459,1109
Haliaeetus leucocephalus,Aves,Accipitriformes,2018,2,23,-121.06041,37.08305,1,HUMAN_OBSERVATION,ROMERO,2000,1706.85,873
Buteo swainsoni,Aves,Accipitriformes,2016,4,30,-121.06041,37.08305,2,HUMAN_OBSERVATION,ROMERO,2000,1706.85,873
Empidonax traillii,Aves,Passeriformes,2019,5,11,-115.55262,35.31624,1,HUMAN_OBSERVATION,DOME,2020,44211.08459,1109
Colaptes chrysoides,Aves,Piciformes,1973,6,25,-115.60192,35.277576,1,HUMAN_OBSERVATION,DOME,2020,44211.08459,1109
Buteo swainsoni,Aves,Accipitriformes,2014,4,5,-115.43524,35.131176,1,HUMAN_OBSERVATION,HACKBERRY COMPLEX 1,2005,63771.3,565
Empidonax traillii,Aves,Passeriformes,2005,5,25,-116.2235,35.832287,NA,HUMAN_OBSERVATION,TECOPA,2010,105.7345,291
Haliaeetus leucocephalus,Aves,Accipitriformes,2014,12,7,-121.06041,37.08305,2,HUMAN_OBSERVATION,ROMERO,2000,1706.85,873
Colaptes chrysoides,Aves,Piciformes,2017,3,18,-115.52008,35.26856,2,HUMAN_OBSERVATION,DOME,2020,44211.08459,1109
Haliaeetus leucocephalus,Aves,Accipitriformes,2016,3,12,-120.82764,36.535694,1,HUMAN_OBSERVATION,NEW IDRIA,2003,632.0136,911
Empidonax traillii,Aves,Passeriformes,2013,5,26,-116.58022,34.044693,1,HUMAN_OBSERVATION,PARADISE,2005,3081.726,271
Colaptes chrysoides,Aves,Piciformes,2019,5,12,-115.520065,35.268368,1,HUMAN_OBSERVATION,DOME,2020,44211.08459,1109
Colaptes chrysoides,Aves,Piciformes,2019,6,25,-115.50702,35.243885,3,HUMAN_OBSERVATION,DOME,2020,44211.08459,1109
Agelaius tricolor,Aves,Passeriformes,2012,4,16,-118.42872,34.70799,280,HUMAN_OBSERVATION,POWERHOUSE,2013,30267.57,418
Buteo swainsoni,Aves,Accipitriformes,2012,9,8,-115.43524,35.131176,1,HUMAN_OBSERVATION,HACKBERRY COMPLEX 1,2005,63771.3,565
Colaptes chrysoides,Aves,Piciformes,2013,4,7,-115.55262,35.31624,1,HUMAN_OBSERVATION,DOME,2020,44211.08459,1109
Colaptes chrysoides,Aves,Piciformes,2012,9,14,-115.51266,35.25319,1,HUMAN_OBSERVATION,DOME,2020,44211.08459,1109
Buteo swainsoni,Aves,Accipitriformes,1996,4,20,-116.58022,34.044693,1,HUMAN_OBSERVATION,PARADISE,2005,3081.726,271
Buteo swainsoni,Aves,Accipitriformes,2012,4,15,-116.58022,34.044693,2,HUMAN_OBSERVATION,PARADISE,2005,3081.726,271
Haliaeetus leucocephalus,Aves,Accipitriformes,2015,12,3,-121.06041,37.08305,3,HUMAN_OBSERVATION,ROMERO,2000,1706.85,873
Buteo swainsoni,Aves,Accipitriformes,2019,4,24,-116.56976,34.04773,1,HUMAN_OBSERVATION,PARADISE,2005,3081.726,271
Buteo swainsoni,Aves,Accipitriformes,2016,4,9,-116.4843,33.1208,13,HUMAN_OBSERVATION,STEWART,2012,10630.18,417
Haliaeetus leucocephalus,Aves,Accipitriformes,2015,1,31,-121.06041,37.08305,1,HUMAN_OBSERVATION,ROMERO,2000,1706.85,873
Empidonax traillii,Aves,Passeriformes,2018,5,19,-115.43524,35.131176,1,HUMAN_OBSERVATION,HACKBERRY COMPLEX 1,2005,63771.3,565
Buteo swainsoni,Aves,Accipitriformes,2014,4,5,-115.55262,35.31624,1,HUMAN_OBSERVATION,DOME,2020,44211.08459,1109
Empidonax traillii,Aves,Passeriformes,2013,5,18,-120.167534,35.92559,1,HUMAN_OBSERVATION,GARZA,2017,48886.66,1045
Colaptes chrysoides,Aves,Piciformes,2014,4,5,-115.55262,35.31624,1,HUMAN_OBSERVATION,DOME,2020,44211.08459,1109
Colaptes chrysoides,Aves,Piciformes,2017,6,12,-115.55262,35.31624,1,HUMAN_OBSERVATION,DOME,2020,44211.08459,1109
Buteo swainsoni,Aves,Accipitriformes,2008,4,12,-116.58022,34.044693,NA,HUMAN_OBSERVATION,PARADISE,2005,3081.726,271
Colaptes chrysoides,Aves,Piciformes,2015,5,25,-115.51266,35.25319,1,HUMAN_OBSERVATION,DOME,2020,44211.08459,1109
Haliaeetus leucocephalus,Aves,Accipitriformes,2020,3,18,-114.513596,34.734142,1,HUMAN_OBSERVATION,TOPOCK,2016,2228.4,358
Colaptes chrysoides,Aves,Piciformes,2012,9,22,-115.55262,35.31624,1,HUMAN_OBSERVATION,DOME,2020,44211.08459,1109
Empidonax traillii,Aves,Passeriformes,2008,6,5,-116.22368,35.83723,2,HUMAN_OBSERVATION,TECOPA,2010,105.7345,291
Buteo swainsoni,Aves,Accipitriformes,2016,4,15,-117.4823,34.318203,4,HUMAN_OBSERVATION,BLUE CUT,2016,36266.55,414
Buteo swainsoni,Aves,Accipitriformes,2016,4,15,-117.4823,34.318203,4,HUMAN_OBSERVATION,LOUISIANA,2002,6564.211,518
Empidonax traillii,Aves,Passeriformes,2017,5,27,-116.44083,33.11509,4,HUMAN_OBSERVATION,NARROWS,2010,49.86191,296
Agelaius tricolor,Aves,Passeriformes,1989,4,23,-117.85744,34.45432,1,HUMAN_OBSERVATION,BOBCAT,2020,115997.5701,1110
Colaptes chrysoides,Aves,Piciformes,2019,6,7,-115.51266,35.25319,2,HUMAN_OBSERVATION,DOME,2020,44211.08459,1109
Agelaius tricolor,Aves,Passeriformes,2009,4,4,-120.174,35.9561,10,HUMAN_OBSERVATION,AVENAL,2008,945.3325,941
Colaptes chrysoides,Aves,Piciformes,2017,3,17,-115.57676,35.354145,1,HUMAN_OBSERVATION,DOME,2020,44211.08459,1109
Empidonax traillii,Aves,Passeriformes,2013,5,26,-117.85463,34.44599,1,HUMAN_OBSERVATION,BOBCAT,2020,115997.5701,1110
Empidonax traillii,Aves,Passeriformes,2010,6,11,-116.58022,34.044693,2,HUMAN_OBSERVATION,PARADISE,2005,3081.726,271
Agelaius tricolor,Aves,Passeriformes,2012,1,20,-120.02309,35.35177,1,HUMAN_OBSERVATION,BECK,2000,396.3609,926
Empidonax traillii,Aves,Passeriformes,2017,6,5,-116.2235,35.832287,1,HUMAN_OBSERVATION,TECOPA,2010,105.7345,291
Agelaius tricolor,Aves,Passeriformes,2016,5,15,-121.30736,37.44076,4,HUMAN_OBSERVATION,DEL PUERTO,2020,390647.2556,1112
Buteo swainsoni,Aves,Accipitriformes,2010,5,22,-115.55262,35.31624,1,HUMAN_OBSERVATION,DOME,2020,44211.08459,1109
Colaptes chrysoides,Aves,Piciformes,1991,4,13,-115.33627,35.160686,2,HUMAN_OBSERVATION,HACKBERRY COMPLEX 1,2005,63771.3,565
Agelaius tricolor,Aves,Passeriformes,2003,3,2,-120.02309,35.35177,350,HUMAN_OBSERVATION,BECK,2000,396.3609,926
Agelaius tricolor,Aves,Passeriformes,2012,5,14,-118.42872,34.70799,247,HUMAN_OBSERVATION,POWERHOUSE,2013,30267.57,418
Colaptes chrysoides,Aves,Piciformes,2020,6,13,-115.43697,35.163403,1,HUMAN_OBSERVATION,HACKBERRY COMPLEX 1,2005,63771.3,565
Haliaeetus leucocephalus,Aves,Accipitriformes,2015,12,2,-121.06041,37.08305,2,HUMAN_OBSERVATION,ROMERO,2000,1706.85,873
Buteo swainsoni,Aves,Accipitriformes,2017,5,3,-121.06041,37.08305,6,HUMAN_OBSERVATION,ROMERO,2000,1706.85,873
Colaptes chrysoides,Aves,Piciformes,2019,5,26,-115.51266,35.25319,3,HUMAN_OBSERVATION,DOME,2020,44211.08459,1109
Empidonax traillii,Aves,Passeriformes,2003,5,30,-117.85744,34.45432,1,HUMAN_OBSERVATION,BOBCAT,2020,115997.5701,1110
Agelaius tricolor,Aves,Passeriformes,2011,3,5,-121.06041,37.08305,NA,HUMAN_OBSERVATION,ROMERO,2000,1706.85,873
Agelaius tricolor,Aves,Passeriformes,2011,4,17,-118.42258,34.71664,150,HUMAN_OBSERVATION,POWERHOUSE,2013,30267.57,418
Empidonax traillii,Aves,Passeriformes,1976,9,1,-115.3328,35.15517,1,HUMAN_OBSERVATION,HACKBERRY COMPLEX 1,2005,63771.3,565
Colaptes chrysoides,Aves,Piciformes,2011,6,6,-115.51266,35.25319,1,HUMAN_OBSERVATION,DOME,2020,44211.08459,1109
Empidonax traillii,Aves,Passeriformes,1974,9,19,-116.58022,34.044693,1,HUMAN_OBSERVATION,PARADISE,2005,3081.726,271
Colaptes chrysoides,Aves,Piciformes,2016,5,8,-115.51266,35.25319,1,HUMAN_OBSERVATION,DOME,2020,44211.08459,1109
Buteo swainsoni,Aves,Accipitriformes,2017,5,6,-121.06041,37.08305,1,HUMAN_OBSERVATION,ROMERO,2000,1706.85,873
Colaptes chrysoides,Aves,Piciformes,2019,5,18,-115.523964,35.269314,1,HUMAN_OBSERVATION,DOME,2020,44211.08459,1109
Colaptes chrysoides,Aves,Piciformes,2014,3,24,-115.55262,35.31624,1,HUMAN_OBSERVATION,DOME,2020,44211.08459,1109
Colaptes chrysoides,Aves,Piciformes,2016,4,29,-115.55262,35.31624,1,HUMAN_OBSERVATION,DOME,2020,44211.08459,1109
Empidonax traillii,Aves,Passeriformes,2008,5,26,-116.22368,35.83723,NA,HUMAN_OBSERVATION,TECOPA,2010,105.7345,291
Colaptes chrysoides,Aves,Piciformes,2020,6,13,-115.51266,35.25319,2,HUMAN_OBSERVATION,DOME,2020,44211.08459,1109
Buteo swainsoni,Aves,Accipitriformes,2014,4,5,-115.43524,35.131176,1,HUMAN_OBSERVATION,HACKBERRY COMPLEX 1,2005,63771.3,565
Agelaius tricolor,Aves,Passeriformes,2018,1,11,-120.27737,35.82334,1,HUMAN_OBSERVATION,TURKEY,2012,2530.048,975
Haliaeetus leucocephalus,Aves,Accipitriformes,2016,5,15,-121.30736,37.44076,1,HUMAN_OBSERVATION,DEL PUERTO,2020,390647.2556,1112
Colaptes chrysoides,Aves,Piciformes,2010,4,11,-115.55262,35.31624,1,HUMAN_OBSERVATION,DOME,2020,44211.08459,1109
Haliaeetus leucocephalus,Aves,Accipitriformes,2018,1,5,-120.27737,35.82334,1,HUMAN_OBSERVATION,TURKEY,2012,2530.048,975
Gymnogyps californianus,Aves,Accipitriformes,2005,7,30,-119.44898,34.959522,1,HUMAN_OBSERVATION,SODA,2005,449.4977,678
Gymnogyps californianus,Aves,Accipitriformes,2005,7,30,-119.44898,34.959522,1,HUMAN_OBSERVATION,HUDSON,2017,1182.301,1021
Colaptes chrysoides,Aves,Piciformes,2013,8,31,-115.51266,35.25319,1,HUMAN_OBSERVATION,DOME,2020,44211.08459,1109
Empidonax traillii,Aves,Passeriformes,2016,9,4,-121.06041,37.08305,1,HUMAN_OBSERVATION,ROMERO,2000,1706.85,873
Buteo swainsoni,Aves,Accipitriformes,2015,4,24,-121.03,37.062,1,HUMAN_OBSERVATION,BASALT,2004,410.184,929
Colaptes chrysoides,Aves,Piciformes,2019,5,26,-115.51266,35.25319,3,HUMAN_OBSERVATION,DOME,2020,44211.08459,1109
Colaptes chrysoides,Aves,Piciformes,2017,4,1,-115.51266,35.25319,2,HUMAN_OBSERVATION,DOME,2020,44211.08459,1109
Empidonax traillii,Aves,Passeriformes,1980,6,1,-116.58022,34.044693,1,HUMAN_OBSERVATION,PARADISE,2005,3081.726,271
Colaptes chrysoides,Aves,Piciformes,2017,11,13,-115.55262,35.31624,1,HUMAN_OBSERVATION,DOME,2020,44211.08459,1109
Buteo swainsoni,Aves,Accipitriformes,2015,4,18,-120.174,35.9561,1,HUMAN_OBSERVATION,AVENAL,2008,945.3325,941
Colaptes chrysoides,Aves,Piciformes,2016,3,20,-115.559975,35.33591,1,HUMAN_OBSERVATION,DOME,2020,44211.08459,1109
Empidonax traillii,Aves,Passeriformes,2015,9,5,-121.06041,37.08305,1,HUMAN_OBSERVATION,ROMERO,2000,1706.85,873
Haliaeetus leucocephalus,Aves,Accipitriformes,2010,12,6,-121.03,37.062,1,HUMAN_OBSERVATION,BASALT,2004,410.184,929
Empidonax traillii,Aves,Passeriformes,1974,9,19,-116.58022,34.044693,1,HUMAN_OBSERVATION,PARADISE,2005,3081.726,271
Buteo swainsoni,Aves,Accipitriformes,1978,5,6,-116.56447,34.035603,1,HUMAN_OBSERVATION,PARADISE,2005,3081.726,271
Buteo swainsoni,Aves,Accipitriformes,1978,5,6,-116.56447,34.035603,1,HUMAN_OBSERVATION,MATZ,2017,14.05731,383
Colaptes chrysoides,Aves,Piciformes,2017,4,1,-115.51266,35.25319,2,HUMAN_OBSERVATION,DOME,2020,44211.08459,1109
Colaptes chrysoides,Aves,Piciformes,2009,6,28,-115.60192,35.277576,2,HUMAN_OBSERVATION,DOME,2020,44211.08459,1109
Agelaius tricolor,Aves,Passeriformes,1989,4,21,-119.95521,35.351353,1,HUMAN_OBSERVATION,SODA,2011,1533.496,974
Empidonax traillii,Aves,Passeriformes,2008,6,14,-116.22368,35.83723,1,HUMAN_OBSERVATION,TECOPA,2010,105.7345,291
Colaptes chrysoides,Aves,Piciformes,2015,11,11,-115.52253,35.26816,1,HUMAN_OBSERVATION,DOME,2020,44211.08459,1109
Haliaeetus leucocephalus,Aves,Accipitriformes,2020,12,1,-121.03,37.062,1,HUMAN_OBSERVATION,BASALT,2004,410.184,929
Haliaeetus leucocephalus,Aves,Accipitriformes,2019,11,2,-121.03,37.062,1,HUMAN_OBSERVATION,BASALT,2004,410.184,929
Haliaeetus leucocephalus,Aves,Accipitriformes,2016,1,29,-121.03,37.062,1,HUMAN_OBSERVATION,BASALT,2004,410.184,929
Colaptes chrysoides,Aves,Piciformes,2012,4,8,-115.55262,35.31624,3,HUMAN_OBSERVATION,DOME,2020,44211.08459,1109
Colaptes chrysoides,Aves,Piciformes,2010,6,1,-115.52253,35.26816,1,HUMAN_OBSERVATION,DOME,2020,44211.08459,1109
Colaptes chrysoides,Aves,Piciformes,2017,4,1,-115.51266,35.25319,2,HUMAN_OBSERVATION,DOME,2020,44211.08459,1109
Empidonax traillii,Aves,Passeriformes,2018,6,1,-116.44083,33.11509,1,HUMAN_OBSERVATION,NARROWS,2010,49.86191,296
Colaptes chrysoides,Aves,Piciformes,2005,4,17,-115.60192,35.277576,1,HUMAN_OBSERVATION,DOME,2020,44211.08459,1109
Haliaeetus leucocephalus,Aves,Accipitriformes,2016,9,25,-121.06041,37.08305,1,HUMAN_OBSERVATION,ROMERO,2000,1706.85,873
Empidonax traillii,Aves,Passeriformes,2017,6,10,-116.2235,35.832287,1,HUMAN_OBSERVATION,TECOPA,2010,105.7345,291
Buteo swainsoni,Aves,Accipitriformes,2012,4,2,-120.174,35.9561,1,HUMAN_OBSERVATION,AVENAL,2008,945.3325,941
Haliaeetus leucocephalus,Aves,Accipitriformes,2019,9,7,-121.059135,37.07799,1,HUMAN_OBSERVATION,ROMERO,2000,1706.85,873
Haliaeetus leucocephalus,Aves,Accipitriformes,2019,9,7,-121.059135,37.07799,1,HUMAN_OBSERVATION,ROMERO,2008,766.0438,938
Colaptes chrysoides,Aves,Piciformes,2011,6,6,-115.51266,35.25319,1,HUMAN_OBSERVATION,DOME,2020,44211.08459,1109
Haliaeetus leucocephalus,Aves,Accipitriformes,2019,9,7,-121.059135,37.07799,1,HUMAN_OBSERVATION,ROMERO,2000,1706.85,873
Haliaeetus leucocephalus,Aves,Accipitriformes,2019,9,7,-121.059135,37.07799,1,HUMAN_OBSERVATION,ROMERO,2008,766.0438,938
Agelaius tricolor,Aves,Passeriformes,2014,3,22,-117.83632,34.43565,8,HUMAN_OBSERVATION,BOBCAT,2020,115997.5701,1110
Agelaius tricolor,Aves,Passeriformes,2010,4,25,-118.42824,34.71742,800,HUMAN_OBSERVATION,POWERHOUSE,2013,30267.57,418
Colaptes chrysoides,Aves,Piciformes,2016,4,23,-115.52041,35.268417,1,HUMAN_OBSERVATION,DOME,2020,44211.08459,1109
Haliaeetus leucocephalus,Aves,Accipitriformes,2014,11,20,-121.06037,37.081837,1,HUMAN_OBSERVATION,ROMERO,2000,1706.85,873
Uma inornata,Reptilia,Squamata,2020,6,2,-116.634964,33.885931,NA,HUMAN_OBSERVATION,BLAISDELL,2005,5491.788,505
Gopherus agassizii,Reptilia,Testudines,2020,5,10,-115.458053,35.155551,NA,HUMAN_OBSERVATION,HACKBERRY COMPLEX 1,2005,63771.3,565
Rallus obsoletus yumanensis,Aves,Gruiformes,2010,3,1,-114.47947,32.881353,NA,MACHINE_OBSERVATION,SENATOR,2012,47.72357,359
Colaptes chrysoides,Aves,Piciformes,2002,7,4,-115.60192,35.277576,1,HUMAN_OBSERVATION,DOME,2020,44211.08459,1109
Puma concolor,Mammalia,Carnivora,2021,2,2,-116.491302,33.11415,NA,HUMAN_OBSERVATION,STEWART,2012,10630.18,417
Puma concolor,Mammalia,Carnivora,2021,5,24,-116.549781,33.119337,NA,HUMAN_OBSERVATION,PINES,2002,61691.24,263
Ovis canadensis nelsoni,Mammalia,Artiodactyla,2015,5,3,-116.48599,33.006532,NA,HUMAN_OBSERVATION,PINES,2002,61691.24,263
Puma concolor,Mammalia,Carnivora,2018,3,7,-116.439233,33.045365,NA,HUMAN_OBSERVATION,BANNER FIRE,2012,5320.116,329
Colaptes chrysoides,Aves,Piciformes,2019,6,12,-115.51266,35.25319,1,HUMAN_OBSERVATION,DOME,2020,44211.08459,1109
Puma concolor,Mammalia,Carnivora,2021,2,17,-116.465207,33.117121,NA,HUMAN_OBSERVATION,STEWART,2012,10630.18,417
Ovis canadensis nelsoni,Mammalia,Artiodactyla,2019,2,10,-116.4592,33.339504,NA,HUMAN_OBSERVATION,EAGLE,2011,13992.99,314
Puma concolor,Mammalia,Carnivora,2018,10,13,-116.445678,33.139073,NA,HUMAN_OBSERVATION,STEWART,2012,10630.18,417
Puma concolor,Mammalia,Carnivora,2018,11,23,-116.489722,33.239722,NA,HUMAN_OBSERVATION,PINES,2002,61691.24,263
Ovis canadensis nelsoni,Mammalia,Artiodactyla,2019,8,1,-116.572082,33.721104,NA,HUMAN_OBSERVATION,MOUNTAIN,2013,27523.67,331
Puma concolor,Mammalia,Carnivora,2021,2,19,-116.482596,33.154944,NA,HUMAN_OBSERVATION,STEWART,2012,10630.18,417
Ovis canadensis nelsoni,Mammalia,Artiodactyla,2017,11,5,-116.460326,33.315876,NA,HUMAN_OBSERVATION,EAGLE,2011,13992.99,314
Ovis canadensis nelsoni,Mammalia,Artiodactyla,2010,1,24,-116.475288,33.330674,NA,HUMAN_OBSERVATION,EAGLE,2011,13992.99,314
Uma inornata,Reptilia,Squamata,2019,5,2,-116.596677,33.864115,NA,HUMAN_OBSERVATION,WINDY POINT,2011,541.494,410
Puma concolor,Mammalia,Carnivora,2018,10,13,-116.445976,33.139283,NA,HUMAN_OBSERVATION,STEWART,2012,10630.18,417
Cyprinodon macularius,Actinopterygii,Cyprinodontiformes,2018,4,16,-116.491592,33.237761,NA,HUMAN_OBSERVATION,PINES,2002,61691.24,263
Ovis canadensis nelsoni,Mammalia,Artiodactyla,2014,4,27,-116.453499,33.239381,NA,HUMAN_OBSERVATION,PINES,2002,61691.24,263
Ovis canadensis nelsoni,Mammalia,Artiodactyla,2021,3,13,-116.573019,33.719911,NA,HUMAN_OBSERVATION,MOUNTAIN,2013,27523.67,331
Ammospermophilus nelsoni,Mammalia,Rodentia,2013,4,6,-119.898596,35.067225,NA,HUMAN_OBSERVATION,COTTON,2010,2037.958,1092
Puma concolor,Mammalia,Carnivora,2017,12,2,-116.480864,33.154476,NA,HUMAN_OBSERVATION,STEWART,2012,10630.18,417
Puma concolor,Mammalia,Carnivora,2019,9,9,-116.5691,34.047086,NA,HUMAN_OBSERVATION,PARADISE,2005,3081.726,271
Gopherus agassizii,Reptilia,Testudines,2018,4,22,-116.460499,34.182554,NA,HUMAN_OBSERVATION,SAWTOOTH COMPLEX,2006,61767.18,261
Ovis canadensis nelsoni,Mammalia,Artiodactyla,2019,3,8,-116.496453,33.321722,NA,HUMAN_OBSERVATION,EAGLE,2011,13992.99,314
Empidonax traillii,Aves,Passeriformes,2019,5,19,-116.570277,34.047443,NA,HUMAN_OBSERVATION,PARADISE,2005,3081.726,271
Ovis canadensis nelsoni,Mammalia,Artiodactyla,2009,5,17,-115.457143,35.163239,NA,HUMAN_OBSERVATION,HACKBERRY COMPLEX 1,2005,63771.3,565
Canis familiaris,Mammalia,Carnivora,2020,5,13,-117.868767,34.420462,NA,HUMAN_OBSERVATION,BOBCAT,2020,115997.5701,1110
Uma inornata,Reptilia,Squamata,2020,2,17,-116.742639,33.900467,NA,HUMAN_OBSERVATION,ELM,2005,271.6541,76
Gopherus agassizii,Reptilia,Testudines,2011,5,5,-115.500502,35.04149,NA,HUMAN_OBSERVATION,HACKBERRY COMPLEX 1,2005,63771.3,565
Ovis canadensis nelsoni,Mammalia,Artiodactyla,2012,10,20,-116.484486,33.230816,NA,HUMAN_OBSERVATION,PINES,2002,61691.24,263
Gopherus agassizii,Reptilia,Testudines,2014,4,6,-116.687901,33.882133,NA,HUMAN_OBSERVATION,VERBENIA,2004,3831.371,82
Ovis canadensis nelsoni,Mammalia,Artiodactyla,2014,11,29,-116.451327,33.235004,NA,HUMAN_OBSERVATION,PINES,2002,61691.24,263
Colaptes chrysoides,Aves,Piciformes,2012,4,15,-115.533394,35.29244,1,HUMAN_OBSERVATION,DOME,2020,44211.08459,1109
Danaus plexippus,Insecta,Lepidoptera,2010,10,16,-116.567783,34.047289,NA,HUMAN_OBSERVATION,PARADISE,2005,3081.726,271
Ovis canadensis nelsoni,Mammalia,Artiodactyla,2012,4,28,-115.382668,35.160282,NA,HUMAN_OBSERVATION,HACKBERRY COMPLEX 1,2005,63771.3,565
Gopherus agassizii,Reptilia,Testudines,2010,4,10,-115.475297,35.080153,NA,HUMAN_OBSERVATION,HACKBERRY COMPLEX 1,2005,63771.3,565
Agelaius tricolor,Aves,Passeriformes,2016,2,28,-120.918945,36.680301,NA,HUMAN_OBSERVATION,BROWN,2008,3786.915,935
Agelaius tricolor,Aves,Passeriformes,2015,3,17,-118.4947,34.740421,NA,HUMAN_OBSERVATION,LAKE,2020,30999.28856,1108
Gopherus agassizii,Reptilia,Testudines,2015,10,6,-115.499763,35.043515,NA,HUMAN_OBSERVATION,HACKBERRY COMPLEX 1,2005,63771.3,565
Ovis canadensis nelsoni,Mammalia,Artiodactyla,2015,5,3,-116.547982,33.116638,NA,HUMAN_OBSERVATION,PINES,2002,61691.24,263
Puma concolor,Mammalia,Carnivora,2021,2,2,-116.446918,33.042199,NA,HUMAN_OBSERVATION,BANNER FIRE,2012,5320.116,329
Agelaius tricolor,Aves,Passeriformes,2015,3,14,-118.556457,34.767524,NA,HUMAN_OBSERVATION,RANGE,2011,241.0146,311
Colaptes chrysoides,Aves,Piciformes,2013,3,23,-115.55262,35.31624,1,HUMAN_OBSERVATION,DOME,2020,44211.08459,1109
Colaptes chrysoides,Aves,Piciformes,2019,6,29,-115.51266,35.25319,1,HUMAN_OBSERVATION,DOME,2020,44211.08459,1109
Colaptes chrysoides,Aves,Piciformes,2017,4,22,-115.56292,35.34181,1,HUMAN_OBSERVATION,DOME,2020,44211.08459,1109
Empidonax traillii,Aves,Passeriformes,1991,8,26,-116.55894,34.046234,1,HUMAN_OBSERVATION,PARADISE,2005,3081.726,271
Agelaius tricolor,Aves,Passeriformes,2014,11,29,-121.03,37.062,NA,HUMAN_OBSERVATION,BASALT,2004,410.184,929
Agelaius tricolor,Aves,Passeriformes,2016,1,30,-121.03,37.062,2,HUMAN_OBSERVATION,BASALT,2004,410.184,929
Colaptes chrysoides,Aves,Piciformes,2018,2,9,-115.55262,35.31624,1,HUMAN_OBSERVATION,DOME,2020,44211.08459,1109
Empidonax traillii,Aves,Passeriformes,2019,5,27,-116.2235,35.832287,1,HUMAN_OBSERVATION,TECOPA,2010,105.7345,291
Empidonax traillii,Aves,Passeriformes,1985,8,14,-115.3593,35.1476,1,HUMAN_OBSERVATION,HACKBERRY COMPLEX 1,2005,63771.3,565
Colaptes chrysoides,Aves,Piciformes,1999,4,22,-115.51266,35.25319,1,HUMAN_OBSERVATION,DOME,2020,44211.08459,1109
Colaptes chrysoides,Aves,Piciformes,2015,5,25,-115.51266,35.25319,1,HUMAN_OBSERVATION,DOME,2020,44211.08459,1109
Haliaeetus leucocephalus,Aves,Accipitriformes,2020,12,1,-121.03,37.062,2,HUMAN_OBSERVATION,BASALT,2004,410.184,929
Empidonax traillii,Aves,Passeriformes,2019,5,11,-115.55262,35.31624,1,HUMAN_OBSERVATION,DOME,2020,44211.08459,1109
Empidonax traillii,Aves,Passeriformes,1987,6,4,-116.5709,34.0423,NA,HUMAN_OBSERVATION,PARADISE,2005,3081.726,271
Haliaeetus leucocephalus,Aves,Accipitriformes,2018,12,10,-121.06041,37.08305,1,HUMAN_OBSERVATION,ROMERO,2000,1706.85,873
Haliaeetus leucocephalus,Aves,Accipitriformes,2010,1,23,-117.31063,34.30521,3,HUMAN_OBSERVATION,OLD,2003,91428,512
Empidonax traillii,Aves,Passeriformes,2014,5,23,-119.58132,35.025692,3,HUMAN_OBSERVATION,SODA,2016,2000.281,1086
Haliaeetus leucocephalus,Aves,Accipitriformes,2015,3,12,-121.06041,37.08305,1,HUMAN_OBSERVATION,ROMERO,2000,1706.85,873
Colaptes chrysoides,Aves,Piciformes,2010,7,16,-115.51266,35.25319,1,HUMAN_OBSERVATION,DOME,2020,44211.08459,1109
Riparia riparia,Aves,Passeriformes,2016,7,26,-121.03,37.062,2,HUMAN_OBSERVATION,BASALT,2004,410.184,929
Agelaius tricolor,Aves,Passeriformes,2018,4,8,-121.30736,37.44076,50,HUMAN_OBSERVATION,DEL PUERTO,2020,390647.2556,1112
Gymnogyps californianus,Aves,Accipitriformes,2012,10,8,-119.408,34.926193,1,HUMAN_OBSERVATION,SCHOOL,2014,223.7788,1094
Haliaeetus leucocephalus,Aves,Accipitriformes,2019,1,3,-121.03,37.062,1,HUMAN_OBSERVATION,BASALT,2004,410.184,929
Empidonax traillii,Aves,Passeriformes,2007,5,19,-116.2235,35.832287,NA,HUMAN_OBSERVATION,TECOPA,2010,105.7345,291
Colaptes chrysoides,Aves,Piciformes,2010,5,22,-115.55262,35.31624,1,HUMAN_OBSERVATION,DOME,2020,44211.08459,1109
Colaptes chrysoides,Aves,Piciformes,2020,6,2,-115.51266,35.25319,2,HUMAN_OBSERVATION,DOME,2020,44211.08459,1109
Colaptes chrysoides,Aves,Piciformes,2019,6,19,-115.51266,35.25319,2,HUMAN_OBSERVATION,DOME,2020,44211.08459,1109
Colaptes chrysoides,Aves,Piciformes,2016,4,2,-115.55262,35.31624,1,HUMAN_OBSERVATION,DOME,2020,44211.08459,1109
Colaptes chrysoides,Aves,Piciformes,2019,5,26,-115.51266,35.25319,3,HUMAN_OBSERVATION,DOME,2020,44211.08459,1109
Colaptes chrysoides,Aves,Piciformes,2020,6,2,-115.51266,35.25319,2,HUMAN_OBSERVATION,DOME,2020,44211.08459,1109
Colaptes chrysoides,Aves,Piciformes,2015,5,25,-115.51266,35.25319,1,HUMAN_OBSERVATION,DOME,2020,44211.08459,1109
Buteo swainsoni,Aves,Accipitriformes,2010,5,22,-115.55262,35.31624,1,HUMAN_OBSERVATION,DOME,2020,44211.08459,1109
Buteo swainsoni,Aves,Accipitriformes,2010,3,21,-116.47182,33.099594,1,HUMAN_OBSERVATION,STEWART,2012,10630.18,417
Empidonax traillii,Aves,Passeriformes,2007,8,23,-118.0907,36.68119,1,HUMAN_OBSERVATION,MOFFAT,2018,1253.925,351
Buteo swainsoni,Aves,Accipitriformes,2017,5,6,-121.06041,37.08305,1,HUMAN_OBSERVATION,ROMERO,2000,1706.85,873
Colaptes chrysoides,Aves,Piciformes,2014,4,6,-115.60192,35.277576,1,HUMAN_OBSERVATION,DOME,2020,44211.08459,1109
Haliaeetus leucocephalus,Aves,Accipitriformes,2017,5,6,-121.06041,37.08305,1,HUMAN_OBSERVATION,ROMERO,2000,1706.85,873
Colaptes chrysoides,Aves,Piciformes,2019,6,20,-115.51266,35.25319,1,HUMAN_OBSERVATION,DOME,2020,44211.08459,1109
Buteo swainsoni,Aves,Accipitriformes,2019,6,16,-118.94054,34.968582,20,HUMAN_OBSERVATION,PARKWAY,2009,689.9021,946
Colaptes chrysoides,Aves,Piciformes,2017,7,27,-115.386314,35.177177,1,HUMAN_OBSERVATION,HACKBERRY COMPLEX 1,2005,63771.3,565
Empidonax traillii,Aves,Passeriformes,2018,5,14,-116.44083,33.11509,1,HUMAN_OBSERVATION,NARROWS,2010,49.86191,296
Agelaius tricolor,Aves,Passeriformes,2014,3,22,-117.83632,34.43565,8,HUMAN_OBSERVATION,BOBCAT,2020,115997.5701,1110
Buteo swainsoni,Aves,Accipitriformes,2010,5,22,-115.55262,35.31624,1,HUMAN_OBSERVATION,DOME,2020,44211.08459,1109
Buteo swainsoni,Aves,Accipitriformes,2012,4,2,-120.17971,35.922237,1,HUMAN_OBSERVATION,GARZA,2017,48886.66,1045
Colaptes chrysoides,Aves,Piciformes,2014,6,9,-115.51595,35.26065,1,HUMAN_OBSERVATION,DOME,2020,44211.08459,1109
Colaptes chrysoides,Aves,Piciformes,2017,11,13,-115.55262,35.31624,1,HUMAN_OBSERVATION,DOME,2020,44211.08459,1109
Haliaeetus leucocephalus,Aves,Accipitriformes,2020,10,28,-117.31063,34.30521,2,HUMAN_OBSERVATION,OLD,2003,91428,512
Haliaeetus leucocephalus,Aves,Accipitriformes,2019,12,3,-121.06041,37.08305,2,HUMAN_OBSERVATION,ROMERO,2000,1706.85,873
Buteo swainsoni,Aves,Accipitriformes,2019,6,19,-121.15877,37.169483,6,HUMAN_OBSERVATION,MCCABE,2015,1728.974,997
Buteo swainsoni,Aves,Accipitriformes,2019,6,19,-121.15877,37.169483,6,HUMAN_OBSERVATION,DEL PUERTO,2020,390647.2556,1112
Colaptes chrysoides,Aves,Piciformes,2019,5,26,-115.51266,35.25319,2,HUMAN_OBSERVATION,DOME,2020,44211.08459,1109
Haliaeetus leucocephalus,Aves,Accipitriformes,2018,5,2,-121.30736,37.44076,1,HUMAN_OBSERVATION,DEL PUERTO,2020,390647.2556,1112
Haliaeetus leucocephalus,Aves,Accipitriformes,2015,6,1,-121.06041,37.08305,1,HUMAN_OBSERVATION,ROMERO,2000,1706.85,873
Haliaeetus leucocephalus,Aves,Accipitriformes,2019,9,7,-121.06041,37.08305,1,HUMAN_OBSERVATION,ROMERO,2000,1706.85,873
Agelaius tricolor,Aves,Passeriformes,2015,12,27,-119.504425,34.894554,2,HUMAN_OBSERVATION,HWY166,2004,65.16033,856
Empidonax traillii,Aves,Passeriformes,2015,6,7,-115.43524,35.131176,2,HUMAN_OBSERVATION,HACKBERRY COMPLEX 1,2005,63771.3,565
Haliaeetus leucocephalus,Aves,Accipitriformes,2016,1,29,-121.03,37.062,1,HUMAN_OBSERVATION,BASALT,2004,410.184,929
Empidonax traillii,Aves,Passeriformes,2007,5,26,-115.33627,35.160686,2,HUMAN_OBSERVATION,HACKBERRY COMPLEX 1,2005,63771.3,565
Colaptes chrysoides,Aves,Piciformes,2019,6,25,-115.51266,35.25319,2,HUMAN_OBSERVATION,DOME,2020,44211.08459,1109
Colaptes chrysoides,Aves,Piciformes,2012,4,7,-115.55262,35.31624,2,HUMAN_OBSERVATION,DOME,2020,44211.08459,1109
Agelaius tricolor,Aves,Passeriformes,1999,3,27,-120.174,35.9561,1,HUMAN_OBSERVATION,AVENAL,2008,945.3325,941
Colaptes chrysoides,Aves,Piciformes,2019,6,30,-115.51266,35.25319,2,HUMAN_OBSERVATION,DOME,2020,44211.08459,1109
Colaptes chrysoides,Aves,Piciformes,2014,6,9,-115.52253,35.26816,1,HUMAN_OBSERVATION,DOME,2020,44211.08459,1109
Colaptes chrysoides,Aves,Piciformes,1997,4,13,-115.33627,35.160686,NA,HUMAN_OBSERVATION,HACKBERRY COMPLEX 1,2005,63771.3,565
Colaptes chrysoides,Aves,Piciformes,2019,6,7,-115.51266,35.25319,2,HUMAN_OBSERVATION,DOME,2020,44211.08459,1109
Agelaius tricolor,Aves,Passeriformes,2019,6,13,-121.06041,37.08305,1,HUMAN_OBSERVATION,ROMERO,2000,1706.85,873
Puma concolor,Mammalia,Carnivora,2018,10,13,-116.444997,33.139342,NA,HUMAN_OBSERVATION,STEWART,2012,10630.18,417
Empidonax traillii,Aves,Passeriformes,2018,5,19,-115.434535,35.132071,NA,HUMAN_OBSERVATION,HACKBERRY COMPLEX 1,2005,63771.3,565
Ammospermophilus nelsoni,Mammalia,Rodentia,2017,4,8,-119.577792,35.023225,NA,HUMAN_OBSERVATION,SODA,2016,2000.281,1086
Colaptes chrysoides,Aves,Piciformes,2019,9,20,-115.51916,35.266975,1,HUMAN_OBSERVATION,DOME,2020,44211.08459,1109
Haliaeetus leucocephalus,Aves,Accipitriformes,2020,10,17,-121.06041,37.08305,1,HUMAN_OBSERVATION,ROMERO,2000,1706.85,873
Puma concolor,Mammalia,Carnivora,2018,10,13,-116.445738,33.139138,NA,HUMAN_OBSERVATION,STEWART,2012,10630.18,417
Gopherus agassizii,Reptilia,Testudines,2010,4,17,-115.445679,35.040239,NA,HUMAN_OBSERVATION,HACKBERRY COMPLEX 1,2005,63771.3,565
Cyprinodon macularius,Actinopterygii,Cyprinodontiformes,2017,3,30,-116.482358,33.353615,NA,HUMAN_OBSERVATION,EAGLE,2011,13992.99,314
Buteo swainsoni,Aves,Accipitriformes,2016,3,23,-116.58022,34.044693,1,HUMAN_OBSERVATION,PARADISE,2005,3081.726,271
Ovis canadensis nelsoni,Mammalia,Artiodactyla,2020,9,5,-116.505214,33.343826,NA,HUMAN_OBSERVATION,EAGLE,2011,13992.99,314
Colaptes chrysoides,Aves,Piciformes,2018,5,26,-115.514772,35.255447,NA,HUMAN_OBSERVATION,DOME,2020,44211.08459,1109
Puma concolor,Mammalia,Carnivora,2019,5,12,-116.482965,33.154898,NA,HUMAN_OBSERVATION,STEWART,2012,10630.18,417
Cyprinodon macularius,Actinopterygii,Cyprinodontiformes,2017,1,29,-116.440214,33.286175,NA,HUMAN_OBSERVATION,PALM#1,2002,94.97114,264
Cyprinodon macularius,Actinopterygii,Cyprinodontiformes,2017,1,29,-116.440214,33.286175,NA,HUMAN_OBSERVATION,EAGLE,2011,13992.99,314
Ovis canadensis nelsoni,Mammalia,Artiodactyla,2021,5,26,-116.478575,33.250691,NA,HUMAN_OBSERVATION,PINES,2002,61691.24,263
Danaus plexippus,Insecta,Lepidoptera,2019,10,13,-115.430253,35.124617,NA,HUMAN_OBSERVATION,HACKBERRY COMPLEX 1,2005,63771.3,565
Colaptes chrysoides,Aves,Piciformes,2016,4,29,-115.51991,35.268375,2,HUMAN_OBSERVATION,DOME,2020,44211.08459,1109
Colaptes chrysoides,Aves,Piciformes,2021,4,29,-115.545737,35.316235,NA,HUMAN_OBSERVATION,DOME,2020,44211.08459,1109
Agelaius tricolor,Aves,Passeriformes,2021,4,3,-121.241922,37.425191,NA,HUMAN_OBSERVATION,DEL PUERTO,2020,390647.2556,1112
Empidonax traillii,Aves,Passeriformes,2016,5,28,-121.299144,37.44186,NA,HUMAN_OBSERVATION,DEL PUERTO,2020,390647.2556,1112
Danaus plexippus,Insecta,Lepidoptera,2018,7,2,-116.566907,34.047416,NA,HUMAN_OBSERVATION,PARADISE,2005,3081.726,271
