TaxonName,Common Name,State Status,State List Date,Federal Status,Federal List Date,Notes
Abronia alpina,Ramshaw Meadows abronia,,,,,FC on 20040504; removed from FC list on 20151008.
Acanthomintha duttonii,San Mateo thorn-mint,SE,197907XX,FE,19850918,"Scientific name at time of listing:
Acanthomintha obovata ssp.
duttonii"
Acanthomintha ilicifolia,San Diego thorn-mint,SE,19820117,FT,19981013,
"Acanthoscyphus parishii var.
goodmaniana",Cushenbury oxytheca,,,FE,19940824,"Scientific name at time of listing:
Oxytheca parishii var. goodmaniana"
"Acmispon argophyllus var.
adsurgens",San Clemente Island bird's-foot trefoil,SE,197911XX,,,"Scientific name at time of listing:
Lotus argophyllus var. adsurgens"
"Acmispon argophyllus var.
niveus",Santa Cruz Island bird's- foot trefoil,SE,198108XX,,,"Scientific name at time of listing:
Lotus argophyllus var. niveus"
"Acmispon dendroideus var.
traskiae",San Clemente Island lotus,SE,198204XX,"FT
FE","20130726
19770912","Scientific name at time of listing:
Lotus dendroideus var. traskiae"
"Agrostis blasdalei var.
marinensis",Blasdale's bent grass,"Delisted
SR","200804XX
197811XX",,,Current taxonomic treatment no longer recognizes varieties within A. blasdalei.
Allium munzii,Munz's onion,ST,199001XX,FE,19981013,
Allium yosemitense,Yosemite onion,SR,198207XX,,,
"Alopecurus aequalis var.
sonomensis",Sonoma alopecurus,,,FE,19971022,
Ambrosia pumila,San Diego ambrosia,,,FE,20020702,
Amsinckia grandiflora,large-flowered fiddleneck,SE,198204XX,FE,19850508,
Arabis mcdonaldiana,McDonald's rockcress,SE,197907XX,FE,19780929,
"Arctostaphylos bakeri ssp.
bakeri",Baker's manzanita,SR,197909XX,,,"Listing status includes the entire species, A. bakeri."
"Arctostaphylos bakeri ssp.
sublaevis",The Cedars manzanita,SR,197909XX,,,"Listing status includes the entire species, A. bakeri."
Taxon,Common Name,State Status,State List Date,Federal Status,Federal List Date,Notes
Arctostaphylos confertiflora,"Santa Rosa Island
manzanita",,,FE,19970731,
Arctostaphylos densiflora,Vine Hill manzanita,SE,198108XX,,,
"Arctostaphylos edmundsii var.
parvifolia",Little Sur manzanita,"Delisted
SR","200804XX
198108XX",,,Current taxonomic treatment no longer recognizes varieties within A. edmundsii.
Arctostaphylos franciscana,Franciscan manzanita,,,FE,20121005,
"Arctostaphylos glandulosa
ssp. crassifolia",Del Mar manzanita,,,FE,19961007,
"Arctostaphylos hookeri ssp.
hearstiorum",Hearsts' manzanita,SE,197909XX,,,
Arctostaphylos imbricata,San Bruno Mountain manzanita,SE,197909XX,,,
"Arctostaphylos montana ssp.
ravenii",Presidio manzanita,SE,197811XX,FE,19791129,"Scientific name at time of listing:
Arctostaphylos hookeri var. ravenii"
Arctostaphylos morroensis,Morro manzanita,,,FT,19941215,
Arctostaphylos myrtifolia,Ione manzanita,,,FT,19990526,
Arctostaphylos pacifica,Pacific manzanita,SE,197909XX,,,
Arctostaphylos pallida,pallid manzanita,SE,197911XX,FT,19980422,
Arenaria paludicola,marsh sandwort,SE,199002XX,FE,19930803,
Astragalus agnicidus,Humboldt milk-vetch,SE,198204XX,,,
Astragalus albens,Cushenbury milk-vetch,,,FE,19940824,
Astragalus brauntonii,Braunton's milk-vetch,,,FE,19970129,
Astragalus claranus,Clara Hunt's milk-vetch,ST,199001XX,FE,19971022,"Scientific name at time of listing:
Astragalus clarianus"
Astragalus jaegerianus,Lane Mountain milk- vetch,,,FE,19981006,
Astragalus johannis-howellii,Long Valley milk-vetch,SR,198207XX,,,
Taxon,Common Name,State Status,State List Date,Federal Status,Federal List Date,Notes
"Astragalus lentiginosus var.
coachellae",Coachella Valley milk- vetch,,,FE,19981006,
"Astragalus lentiginosus var.
piscinensis",Fish Slough milk-vetch,,,FT,19981006,
"Astragalus lentiginosus var.
sesquimetralis",Sodaville milk-vetch,SE,197909XX,,,
"Astragalus magdalenae var.
peirsonii",Peirson's milk-vetch,SE,197911XX,FT,19981006,
Astragalus monoensis,Mono milk-vetch,SR,198207XX,,,
"Astragalus pycnostachyus var.
lanosissimus",Ventura Marsh milk- vetch,SE,200004XX,FE,20010521,
Astragalus tener var. titi,coastal dunes milk-vetch,SE,198202XX,FE,19980812,
Astragalus traskiae,Trask's milk-vetch,SR,197911XX,,,
Astragalus tricarinatus,triple-ribbed milk-vetch,,,FE,19981006,
Atriplex coronata var. notatior,San Jacinto Valley crownscale,,,FE,19981013,
Atriplex tularensis,Bakersfield smallscale,SE,198701XX,,,
Baccharis vanessae,Encinitas baccharis,SE,198701XX,FT,19961007,
Bensoniella oregona,bensoniella,SR,198207XX,,,
Berberis nevinii,Nevin's barberry,SE,198701XX,FE,19981013,
Berberis pinnata ssp. insularis,island barberry,SE,197911XX,FE,19970731,
Blennosperma bakeri,Sonoma sunshine,SE,199202XX,FE,19911202,
"Blennosperma nanum var.
robustum",Point Reyes blennosperma,SR,197811XX,,,
Bloomeria humilis,dwarf goldenstar,SR,197811XX,,,
Boechera hoffmannii,Hoffmann's rockcress,,,FE,19970731,"Scientific name at time of listing:
Arabis hoffmannii"
Brodiaea filifolia,thread-leaved brodiaea,SE,19820117,FT,19981013,
Taxon,Common Name,State Status,State List Date,Federal Status,Federal List Date,Notes
Brodiaea insignis,Kaweah brodiaea,SE,197911XX,,,
Brodiaea pallida,Chinese Camp brodiaea,SE,197811XX,FT,19981014,
Brodiaea rosea,Indian Valley brodiaea,SE,197909XX,,,"Scientific name at time of listing:
Brodiaea coronaria ssp. rosea"
Calamagrostis foliosa,leafy reed grass,SR,197911XX,,,
Calochortus dunnii,Dunn's mariposa-lily,SR,197911XX,,,
Calochortus persistens,Siskiyou mariposa-lily,SR,198207XX,,,FC on 20040504; removed from FC list on 20151008.
Calochortus tiburonensis,Tiburon mariposa-lily,ST,198705XX,FT,19950203,
Calyptridium pulchellum,Mariposa pussypaws,,,FT,19981014,
Calystegia stebbinsii,Stebbins' morning-glory,SE,198108XX,FE,19961018,
Camissonia benitensis,San Benito evening- primrose,,,FT,19850212,
Carex albida,white sedge,SE,197911XX,FE,19971022,"Current taxonomic treatment considers Carex albida as a synonym of Carex lemmonii, a common taxon. No longer tracked by CNDDB."
Carex tompkinsii,Tompkins' sedge,SR,197911XX,,,
Carpenteria californica,tree-anemone,ST,199001XX,,,
Castilleja affinis var. neglecta,Tiburon paintbrush,ST,199001XX,FE,19950203,"Scientific name at time of listing:
Castilleja affinis ssp. neglecta"
"Castilleja campestris var.
succulenta",succulent owl's-clover,SE,197909XX,FT,19970326,"Scientific name at time of listing:
Castilleja campestris ssp. succulenta"
Castilleja cinerea,ash-gray paintbrush,,,FT,19981014,
Castilleja gleasoni,Mt. Gleason paintbrush,SR,198207XX,,,
Castilleja grisea,San Clemente Island paintbrush,SE,198204XX,"FT
FE","20130726
19770912",
Castilleja mollis,soft-leaved paintbrush,,,FE,19970731,
Taxon,Common Name,State Status,State List Date,Federal Status,Federal List Date,Notes
Castilleja uliginosa,Pitkin Marsh paintbrush,SE,197811XX,,,
Caulanthus californicus,California jewel-flower,SE,198701XX,FE,19900719,
Caulanthus stenocarpus,slender-pod jewel-flower,"Delisted
SR","200804XX
197911XX",,,"Current taxonomic treatment considers Caulanthus stenocarpus as a synonym of Caulanthus heterophyllus, a common taxon."
Ceanothus ferrisiae,Coyote ceanothus,,,FE,19950203,"Scientific name at time of listing:
Ceanothus ferrisae"
Ceanothus hearstiorum,Hearsts' ceanothus,SR,198108XX,,,
Ceanothus maritimus,maritime ceanothus,SR,197811XX,,,
Ceanothus masonii,Mason's ceanothus,SR,197811XX,,,
Ceanothus ophiochilus,Vail Lake ceanothus,SE,199401XX,FT,19981013,
Ceanothus roderickii,Pine Hill ceanothus,SR,198207XX,FE,19961018,
Cercocarpus traskiae,Catalina Island mountain- mahogany,SE,198204XX,FE,19970808,
"Chlorogalum purpureum var.
purpureum",Santa Lucia purple amole,,,FT,20000320,"USFWS listed the entire species,
Chlorogalum purpureum."
"Chlorogalum purpureum var.
reductum",Camatta Canyon amole,SR,197811XX,FT,20000320,"USFWS listed the entire species,
Chlorogalum purpureum."
"Chloropyron maritimum ssp.
maritimum",salt marsh bird's-beak,SE,197907XX,FE,19781029,Scientific name at time of listing: Cordylanthus maritimus ssp. maritimus
Chloropyron molle ssp. molle,soft bird's-beak,SR,197907XX,FE,19971120,Scientific name at time of listing: Cordylanthus mollis ssp. mollis. Synonym: soft salty bird's-beak.
Chloropyron palmatum,palmate-bracted bird's- beak,SE,198405XX,FE,19860701,Scientific name at time of listing: Cordylanthus palmatus. Synonym: palmate salty bird's-beak.
Taxon,Common Name,State Status,State List Date,Federal Status,Federal List Date,Notes
Chorizanthe howellii,Howell's spineflower,ST,198701XX,FE,19920622,
Chorizanthe orcuttiana,Orcutt's spineflower,SE,197911XX,FE,19961007,
"Chorizanthe parryi var.
fernandina",San Fernando Valley spineflower,SE,200108XX,,,"FC on 20040504, reclassified as FPT on 20160915, Proposed Rule withdrawn on 20180315."
"Chorizanthe pungens var.
hartwegiana",Ben Lomond spineflower,,,FE,19940204,
"Chorizanthe pungens var.
pungens",Monterey spineflower,,,FT,19940204,
"Chorizanthe robusta var.
hartwegii",Scotts Valley spineflower,,,FE,19940204,
"Chorizanthe robusta var.
robusta",robust spineflower,,,FE,19940204,
Chorizanthe valida,Sonoma spineflower,SE,199001XX,FE,19920622,
Cirsium ciliolatum,Ashland thistle,SE,198209XX,,,
"Cirsium fontinale var.
fontinale",fountain thistle,SE,197907XX,FE,19950203,"Synonym: Crystal Springs fountain
thistle"
"Cirsium fontinale var.
obispoense",Chorro Creek bog thistle,SE,199306XX,FE,19941215,Synonym: San Luis Obispo fountain thistle
"Cirsium hydrophilum var.
hydrophilum",Suisun thistle,,,FE,19971120,
Cirsium rhothophilum,surf thistle,ST,199002XX,,,
"Cirsium scariosum var.
loncholepis",La Graciosa thistle,ST,199002XX,FE,20000320,"Scientific name at time of listing:
Cirsium loncholepis"
Clarkia franciscana,Presidio clarkia,SE,197811XX,FE,19950203,
Clarkia imbricata,Vine Hill clarkia,SE,197811XX,FE,19971022,
Clarkia lingulata,Merced clarkia,SE,198701XX,,,
"Clarkia speciosa ssp.
immaculata",Pismo clarkia,SR,197811XX,FE,19941215,
Taxon,Common Name,State Status,State List Date,Federal Status,Federal List Date,Notes
Clarkia springvillensis,Springville clarkia,SE,197909XX,FT,19981014,
Cordylanthus nidularius,Mt. Diablo bird's-beak,SR,197811XX,,,
"Cordylanthus rigidus ssp.
littoralis",seaside bird's-beak,SE,19820117,,,
"Cordylanthus tenuis ssp.
capillaris",Pennell's bird's-beak,SR,197811XX,FE,19950203,
Croton wigginsii,Wiggins' croton,SR,198201XX,,,
Cryptantha roosiorum,bristlecone cryptantha,SR,198207XX,,,
Dedeckera eurekensis,July gold,SR,197811XX,,,
Deinandra arida,Red Rock tarplant,SR,198207XX,,,"Scientific name at time of listing:
Hemizonia arida"
Deinandra bacigalupii,Livermore tarplant,SE,20171001,,,
Deinandra conjugens,Otay tarplant,SE,197911XX,FT,19981013,"Scientific name at time of listing:
Hemizonia conjugens"
"Deinandra increscens ssp.
villosa",Gaviota tarplant,SE,199001XX,FE,20000320,"Scientific name at time of listing:
Hemizonia increscens ssp. villosa"
Deinandra minthornii,Santa Susana tarplant,SR,197811XX,,,"Scientific name at time of listing:
Hemizonia minthornii"
Deinandra mohavensis,Mojave tarplant,SE,19820117,,,"Scientific name at time of listing:
Hemizonia mohavensis"
Delphinium bakeri,Baker's larkspur,SE,200704XX,FE,20000126,
"Delphinium hesperium ssp.
cuyamacae",Cuyamaca larkspur,SR,198207XX,,,
Delphinium luteum,golden larkspur,SR,197909XX,FE,20000126,
"Delphinium variegatum ssp.
kinkiense",San Clemente Island larkspur,SE,197909XX,FE,19770912,
Taxon,Common Name,State Status,State List Date,Federal Status,Federal List Date,Notes
"Dieteria asteroides var.
lagunensis",Mount Laguna aster,SR,197909XX,,,Scientific name at time of listing: Machaeranthera asteroides var. lagunensis
Diplacus vandenbergensis,Vandenberg monkeyflower,,,FE,20140925,Scientific name when proposed as a Federal Candidate: Mimulus fremontii var. vandenbergensis
Dithyrea maritima,beach spectaclepod,ST,199002XX,,,
Dodecahema leptoceras,"slender-horned
spineflower",SE,198201XX,FE,19870928,
"Downingia concolor var.
brevior","Cuyamaca Lake
downingia",SE,198202XX,,,
"Dudleya abramsii ssp.
setchellii",Santa Clara Valley dudleya,,,FE,19950203,"Scientific name at time of listing:
Dudleya setchellii"
Dudleya brevifolia,short-leaved dudleya,SE,19820117,,,
"Dudleya cymosa ssp.
agourensis",Agoura Hills dudleya,,,FT,19970129,"USFWS listed the more encompassing Dudleya cymosa ssp. ovatifolia from which ssp.
agourensis was split."
"Dudleya cymosa ssp.
marcescens",marcescent dudleya,SR,197811XX,FT,19970129,
"Dudleya cymosa ssp.
ovatifolia",Santa Monica dudleya,,,FT,19970129,
Dudleya nesiotica,Santa Cruz Island dudleya,SR,197911XX,FT,19970731,
Dudleya parva,Conejo dudleya,,,FT,19970129,"Scientific name at time of listing:
Dudleya abramsii ssp. parva"
Dudleya stolonifera,Laguna Beach dudleya,ST,198701XX,FT,19981013,
Dudleya traskiae,Santa Barbara Island dudleya,SE,197911XX,FE,19780527,
Dudleya verityi,Verity's dudleya,,,FT,19970129,
Taxon,Common Name,State Status,State List Date,Federal Status,Federal List Date,Notes
"Enceliopsis nudicaulis var.
corrugata",Ash Meadows daisy,,,FT,19850520,
Eremalche kernensis,Kern mallow,,,FE,19900719,
Eremogone ursina,Big Bear Valley sandwort,,,FT,19981014,"Scientific name at time of listing:
Arenaria ursina"
"Eriastrum densifolium ssp.
sanctorum",Santa Ana River woollystar,SE,198701XX,FE,19870928,
Eriastrum hooveri,Hoover's woolly-star,,,FDR,20031007,
Eriastrum tracyi,Tracy's eriastrum,SR,198207XX,,,
Erigeron parishii,Parish's daisy,,,FT,19940824,
Eriodictyon altissimum,"Indian Knob
mountainbalm",SE,197907XX,FE,19941215,
Eriodictyon capitatum,Lompoc yerba santa,SR,197909XX,FE,20000320,
Eriogonum alpinum,Trinity buckwheat,SE,197907XX,,,
"Eriogonum apricum var.
apricum",Ione buckwheat,SE,198108XX,FE,19990526,"USFWS listed the entire species,
Eriogonum apricum."
"Eriogonum apricum var.
prostratum",Irish Hill buckwheat,SE,198701XX,FE,19990526,"USFWS listed the entire species,
Eriogonum apricum."
Eriogonum butterworthianum,Butterworth's buckwheat,SR,197911XX,,,
Eriogonum crocatum,conejo buckwheat,SR,197909XX,,,
"Eriogonum giganteum var.
compactum",Santa Barbara Island buckwheat,SR,197911XX,,,
"Eriogonum grande var.
timorum",San Nicolas Island buckwheat,SE,197911XX,,,Scientific name at time of listing: Eriogonum grande ssp. timorum. CCR lists common name as San Nicholas Island buckwheat.
Eriogonum kelloggii,Kellogg's buckwheat,SE,198204XX,,,FC on 20040504; removed from FC list on 20140918.
Taxon,Common Name,State Status,State List Date,Federal Status,Federal List Date,Notes
"Eriogonum kennedyi var.
austromontanum",southern mountain buckwheat,,,FT,19981014,
"Eriogonum ovalifolium var.
vineum",Cushenbury buckwheat,,,FE,19940824,
Eriogonum thornei,Thorne's buckwheat,SE,197909XX,,,"Scientific name at time of listing:
Eriogonum ericifolium var. thornei"
Eriogonum twisselmannii,Twisselmann's buckwheat,SR,198207XX,,,
Eriophyllum congdonii,Congdon's woolly sunflower,SR,198207XX,,,
Eriophyllum latilobum,"San Mateo woolly
sunflower",SE,199206XX,FE,19950203,
"Eryngium aristulatum var.
parishii",San Diego button-celery,SE,197907XX,FE,19930803,
Eryngium constancei,Loch Lomond button- celery,SE,198701XX,FE,19870122,"Emergency FE listing 19850801; formal FE status on 19870122.
Synonym: Loch Lomond coyote thistle."
Eryngium racemosum,Delta button-celery,SE,19820117,,,
"Erysimum capitatum var.
angustatum",Contra Costa wallflower,SE,197811XX,FE,19780527,
Erysimum menziesii,Menzies' wallflower,SE,198409XX,FE,19920622,"USFWS separately listed three subspecies as endangered; E. menziesii ssp. eurekense, E. menziesii ssp. menziesii, and E. menziesii ssp. yadonii. Current taxonomic treatment no longer recognizes subspecies within E.
menziesii."
Erysimum teretifolium,Santa Cruz wallflower,SE,198108XX,FE,19940204,
Taxon,Common Name,State Status,State List Date,Federal Status,Federal List Date,Notes
Euphorbia hooveri,Hoover's spurge,,,FT,19970326,"Scientific name at time of listing:
Chamaesyce hooveri"
Fremontodendron decumbens,Pine Hill flannelbush,SR,197907XX,FE,19961018,Scientific name at time of listing: Fremontodendron californicum ssp. decumbens
Fremontodendron mexicanum,Mexican flannelbush,SR,198207XX,FE,19981013,
Fritillaria gentneri,Gentner's fritillary,,,FE,19991210,
Fritillaria roderickii,Roderick's fritillary,SE,197911XX,,,
Fritillaria striata,striped adobe-lily,ST,198701XX,,,
"Galium angustifolium ssp.
borregoense",Borrego bedstraw,SR,197909XX,,,
Galium buxifolium,box bedstraw,SR,197911XX,FE,19970731,
"Galium californicum ssp.
sierrae",El Dorado bedstraw,SR,197911XX,FE,19961018,
"Galium catalinense ssp.
acrispum",San Clemente Island bedstraw,SE,198204XX,,,
Gilia tenuiflora ssp. arenaria,sand gilia,ST,198701XX,FE,19920622,Synonym: Monterey gilia
"Gilia tenuiflora ssp.
hoffmannii",Hoffmann's slender- flowered gilia,,,FE,19970731,
Gratiola heterosepala,Boggs Lake hedge-hyssop,SE,197811XX,,,
Grindelia fraxinipratensis,Ash Meadows gumplant,,,FT,19850520,"Scientific name at time of listing:
Grindelia fraxino-pratensis"
Hazardia orcuttii,Orcutt's hazardia,ST,200208XX,,,FC on 20040504; removed from FC list on 20131122.
Helianthemum greenei,island rush-rose,,,FT,19970731,
"Helianthus niveus ssp.
tephrodes",Algodones Dunes sunflower,SE,197911XX,,,
Taxon,Common Name,State Status,State List Date,Federal Status,Federal List Date,Notes
"Hesperocyparis abramsiana
var. abramsiana",Santa Cruz cypress,SE,197911XX,"FT
FE","20160321
19870108","USFWS listed the entire species, Cupressus abramsiana, as FE on 19870108; reclassified as FT on
20160321."
"Hesperocyparis abramsiana
var. butanoensis",Butano Ridge cypress,SE,197911XX,"FT
FE","20160321
19870108","USFWS listed the entire species, Cupressus abramsiana, as FE on 19870108; reclassified as FT on
20160321."
Hesperocyparis goveniana,Gowen cypress,,,FT,19980812,"Scientific name at time of listing:
Cupressus goveniana ssp. goveniana"
Hesperolinon congestum,Marin western flax,ST,199206XX,FT,19950203,
Hesperolinon didymocarpum,Lake County western flax,SE,198108XX,,,
Holmgrenanthe petrophila,rock lady,SR,198207XX,,,"Scientific name at time of listing:
Maurandya petrophila"
Holocarpha macradenia,Santa Cruz tarplant,SE,197909XX,FT,20000320,
Howellia aquatilis,water howellia,,,FT,19940714,
Ivesia callida,Tahquitz ivesia,SR,198207XX,,,
Ivesia webberi,Webber's ivesia,,,FT,20140703,FC on 20040504; moved to FPT on 20130802.
Lasthenia burkei,Burke's goldfields,SE,197909XX,FE,19911202,
Lasthenia conjugens,Contra Costa goldfields,,,FE,19970618,
Layia carnosa,beach layia,SE,199001XX,FE,19920622,
Leptosiphon croceus,coast yellow leptosiphon,SE,20190401,,,
Lessingia germanorum,San Francisco lessingia,SE,199001XX,FE,19970619,"Synonym: Lessingia germanorum
var. germanorum"
Lewisia congdonii,Congdon's lewisia,SR,198207XX,,,
Lilaeopsis masonii,Mason's lilaeopsis,SR,197911XX,,,
Lilium occidentale,western lily,SE,19820117,FE,19940817,
"Lilium pardalinum ssp.
pitkinense",Pitkin Marsh lily,SE,197811XX,FE,19971022,
Taxon,Common Name,State Status,State List Date,Federal Status,Federal List Date,Notes
Limnanthes alba ssp. parishii,Parish's meadowfoam,SE,197907XX,,,"Scientific name at time of listing:
Limnanthes gracilis var. parishii"
Limnanthes bakeri,Baker's meadowfoam,SR,197811XX,,,
"Limnanthes douglasii ssp.
sulphurea",Point Reyes meadowfoam,SE,198204XX,,,
"Limnanthes floccosa ssp.
californica",Butte County meadowfoam,SE,198202XX,FE,19920608,
Limnanthes vinculans,Sebastopol meadowfoam,SE,197911XX,FE,19911202,
Lithophragma maximum,San Clemente Island woodland star,SE,198202XX,FE,19970808,
Lupinus citrinus var. deflexus,Mariposa lupine,ST,199001XX,,,
Lupinus constancei,The Lassics lupine,SE,20190401,,,
Lupinus milo-bakeri,Milo Baker's lupine,ST,198701XX,,,
Lupinus nipomensis,Nipomo Mesa lupine,SE,198701XX,FE,20000320,
Lupinus padre-crowleyi,Father Crowley's lupine,SR,198108XX,,,
Lupinus tidestromii,Tidestrom's lupine,SE,198701XX,FE,19920622,Federally listed at the species level; state listed as Lupinus tidestromii var. tidestromii (plants of L. tidestromii from Monterey County only)
Mahonia sonnei,Truckee barberry,"Delisted
SE","200804XX
197907XX","Delisted
FE","20031001
19791106","Synonym: Berberis sonnei. Current taxonomic treatment considers B. sonnei as a form of the common B. aquifolium var. repens, and not a
separate taxon."
Malacothamnus clementinus,San Clemente Island bush-mallow,SE,198202XX,FE,19770912,
"Malacothamnus fasciculatus
var. nesioticus",Santa Cruz Island bush- mallow,SE,197911XX,FE,19970731,
Taxon,Common Name,State Status,State List Date,Federal Status,Federal List Date,Notes
Malacothrix indecora,Santa Cruz Island malacothrix,,,FE,19970731,
Malacothrix squalida,island malacothrix,,,FE,19970731,
Monardella viminea,willowy monardella,SE,197911XX,FE,19981013,"Scientific name at time of listing:
Monardella linoides ssp. viminea"
Monolopia congdonii,San Joaquin woollythreads,,,FE,19900719,Synonym: Lembertia congdonii
Nasturtium gambelii,Gambel's water cress,ST,199001XX,FE,19930803,"Scientific name at time of listing:
Rorippa gambellii"
Navarretia fossalis,spreading navarretia,,,FT,19981013,
"Navarretia leucocephala ssp.
pauciflora",few-flowered navarretia,ST,199001XX,FE,19970618,Synonym: Navarretia pauciflora
"Navarretia leucocephala ssp.
plieantha",many-flowered navarretia,SE,197911XX,FE,19970618,
Nemacladus twisselmannii,"Twisselmann's
nemacladus",SR,198207XX,,,
Neostapfia colusana,Colusa grass,SE,197911XX,FT,19970326,
Neviusia cliftonii,Shasta snow-wreath,SC,20200501,,,
Nitrophila mohavensis,Amargosa nitrophila,SE,197911XX,FE,19850520,
"Noccaea fendleri ssp.
californica",Kneeland Prairie pennycress,,,FE,20000209,"Scientific name at time of listing:
Thlapsi californicum"
Nolina interrata,Dehesa nolina,SE,197911XX,,,
"Oenothera californica ssp.
eurekensis",Eureka Dunes evening- primrose,SR,197811XX,"FDR
FE","20180329
19780527",Scientific name at time of listing: Oenothera avita ssp. eurekensis. FE on 19780527; removed from FE list on 20180329.
"Oenothera deltoides ssp.
howellii",Antioch Dunes evening- primrose,SE,197811XX,FE,19780527,
Taxon,Common Name,State Status,State List Date,Federal Status,Federal List Date,Notes
Opuntia basilaris var. treleasei,Bakersfield cactus,SE,199001XX,FE,19900719,"Scientific name at time of listing:
Opuntia treleasei"
Orcuttia californica,California Orcutt grass,SE,197909XX,FE,19930803,
Orcuttia inaequalis,San Joaquin Valley Orcutt grass,SE,197909XX,FT,19970326,
Orcuttia pilosa,hairy Orcutt grass,SE,197909XX,FE,19970326,
Orcuttia tenuis,slender Orcutt grass,SE,197909XX,FT,19970326,
Orcuttia viscida,Sacramento Orcutt grass,SE,197907XX,FE,19970326,
Ornithostaphylos oppositifolia,Baja California birdbush,SE,200105XX,,,
Packera ganderi,Gander's ragwort,SR,198207XX,,,"Scientific name at time of listing:
Senecio ganderi"
Packera layneae,Layne's ragwort,SR,197911XX,FT,19961018,"Scientific name at time of listing:
Senecio layneae"
"Panicum acuminatum var.
thermale",Geysers panicum,SE,197809XX,,,"Scientific name at time of listing:
Dichanthelium lanuginosum var.
thermale"
Pedicularis dudleyi,Dudley's lousewort,SR,197909XX,,,
Pentachaeta bellidiflora,white-rayed pentachaeta,SE,199206XX,FE,19950203,
Pentachaeta lyonii,Lyon's pentachaeta,SE,199001XX,FE,19970129,
Phacelia insularis var. insularis,northern Channel Islands phacelia,,,FE,19970731,Synonym: island phacelia
Phacelia stellaris,Brand's star phacelia,,,,,"FC on 20040504; removed from FC
list on 20131122."
Phlox hirsuta,Yreka phlox,SE,198701XX,FE,20000203,
Physaria kingii ssp. bernardina,San Bernardino Mountains bladderpod,,,FE,19940824,"Scientific name at time of listing:
Lesquerella kingii ssp. bernardina"
Pinus albicaulis,whitebark pine,,,FPT,20201202,Not tracked by CNDDB.
Piperia yadonii,Yadon's rein orchid,,,FE,19980812,
Taxon,Common Name,State Status,State List Date,Federal Status,Federal List Date,Notes
Plagiobothrys diffusus,San Francisco popcornflower,SE,197909XX,,,
Plagiobothrys strictus,Calistoga popcornflower,ST,199001XX,FE,19971022,
Pleuropogon hooverianus,"North Coast semaphore
grass",ST,200208XX,,,
Poa atropurpurea,"San Bernardino blue
grass",,,FE,19981014,
Poa napensis,Napa blue grass,SE,197907XX,FE,19971022,
Pogogyne abramsii,San Diego mesa mint,SE,197907XX,FE,19781029,
Pogogyne clareana,Santa Lucia mint,SE,197911XX,,,
Pogogyne nudiuscula,Otay Mesa mint,SE,198701XX,FE,19930803,
Polygonum hickmanii,Scotts Valley polygonum,SE,200410XX,FE,20030408,
Potentilla basaltica,Black Rock potentilla,,,,,FC on 20040504; removed from FC list on 20130802
Potentilla hickmanii,Hickman's cinquefoil,SE,197909XX,FE,19980812,
Pseudobahia bahiifolia,"Hartweg's golden
sunburst",SE,19820117,FE,19970206,
Pseudobahia peirsonii,"San Joaquin adobe
sunburst",SE,198701XX,FT,19970206,
Rorippa subumbellata,Tahoe yellow cress,SE,198204XX,,,FC on 20040504; removed from FC list on 20151008.
Rosa minutifolia,small-leaved rose,SE,198910XX,,,
Sanicula maritima,adobe sanicle,SR,198108XX,,,
Sanicula saxatilis,rock sanicle,SR,198207XX,,,
Sedella leiocarpa,Lake County stonecrop,SE,199001XX,FE,19970618,"Scientific name at time of listing:
Parvisedum leiocarpum"
"Sedum laxum ssp.
eastwoodiae",Red Mountain stonecrop,,,,,Scientific name at time of listing: Sedum eastwoodiae. FC on 20040504; removed from FC list on 20140918.
Taxon,Common Name,State Status,State List Date,Federal Status,Federal List Date,Notes
Sibara filifolia,Santa Cruz Island winged- rockcress,,,FE,19970808,
Sidalcea covillei,"Owens Valley
checkerbloom",SE,197907XX,,,
"Sidalcea hickmanii ssp.
anomala","Cuesta Pass
checkerbloom",SR,197911XX,,,
"Sidalcea hickmanii ssp.
parishii",Parish's checkerbloom,SR,197911XX,,,
Sidalcea keckii,Keck's checkerbloom,,,FE,20000216,
Sidalcea oregana ssp. valida,Kenwood Marsh checkerbloom,SE,19820117,FE,19971022,
Sidalcea pedata,bird-foot checkerbloom,SE,19820117,FE,19840831,
Sidalcea stipularis,Scadden Flat checkerbloom,SE,198201XX,,,
"Silene campanulata ssp.
campanulata",Red Mountain catchfly,SE,198204XX,,,
"Streptanthus albidus ssp.
albidus",Metcalf Canyon jewel- flower,,,FE,19950203,
"Streptanthus glandulosus ssp.
niger",Tiburon jewel-flower,SE,199002XX,FE,19950203,"Scientific name at time of listing:
Streptanthus niger"
Suaeda californica,California seablite,,,FE,19941215,
Swallenia alexandrae,Eureka Valley dune grass,SR,198108XX,"FT
FE","20180329
19780527",FE on 19780527; reclassified as FT on 20180329
Taraxacum californicum,California dandelion,,,FE,19981014,
Thelypodium stenopetalum,slender-petaled thelypodium,SE,198202XX,FE,19840831,
Thermopsis macrophylla,Santa Ynez false lupine,SR,198108XX,,,"Scientific name at time of listing:
Thermopsis macrophylla var. agnina"
Thysanocarpus conchuliferus,Santa Cruz Island fringepod,,,FE,19970731,
Taxon,Common Name,State Status,State List Date,Federal Status,Federal List Date,Notes
"Trichostema austromontanum
ssp. compactum",Hidden Lake bluecurls,,,"FDR
FT","20180702
19981014",
Trifolium amoenum,showy rancheria clover,,,FE,19971022,
Trifolium polyodon,Pacific Grove clover,SR,197909XX,,,
Trifolium trichocalyx,Monterey clover,SE,197911XX,FE,19980812,
Tuctoria greenei,Greene's tuctoria,SR,197909XX,FE,19970326,
Tuctoria mucronata,Crampton's tuctoria or Solano grass,SE,197907XX,FE,19780929,
Verbena californica,Red Hills vervain,ST,199408XX,FT,19981014,
Verbesina dissita,big-leaved crownbeard,ST,199001XX,FT,19961007,
Yucca brevifolia,western Joshua tree,SC,20200922,,,
