obsID,kingdom,phylum,class,order,family,genus,species,ScientificName,individualCount,decimalLatitude,decimalLongitude,eventDate,day,month,year,basisOfRecord,institutionCode,fireSite,fireYear,fireSize,fireID,desert
464,Animalia,Chordata,Actinopterygii,Cyprinodontiformes,Cyprinodontidae,Cyprinodon,Cyprinodon macularius,Cyprinodon macularius,,33.286175,-116.440214,2017-01-29T13:15:00,29,1,2017,HUMAN_OBSERVATION,iNaturalist,PALM#1,2002,94.97114,264,Sonoran
464,Animalia,Chordata,Actinopterygii,Cyprinodontiformes,Cyprinodontidae,Cyprinodon,Cyprinodon macularius,Cyprinodon macularius,,33.286175,-116.440214,2017-01-29T13:15:00,29,1,2017,HUMAN_OBSERVATION,iNaturalist,EAGLE,2011,13992.99,314,Sonoran
2913,Animalia,Chordata,Aves,Passeriformes,Icteridae,Agelaius,Agelaius tricolor,Agelaius tricolor,,33.375444,-116.534831,2017-02-26T15:58:21,26,2,2017,HUMAN_OBSERVATION,iNaturalist,COYOTE,2003,18704.78,506,Sonoran
2971,Animalia,Chordata,Aves,Passeriformes,Tyrannidae,Empidonax,Empidonax traillii,Empidonax traillii,,35.132071,-115.434535,2018-05-19T17:33:00,19,5,2018,HUMAN_OBSERVATION,iNaturalist,HACKBERRY COMPLEX 1,2005,63771.3,565,Mojave
3258,Animalia,Chordata,Mammalia,Carnivora,Felidae,Puma,Puma concolor,Puma concolor,,33.139283,-116.445976,2018-10-13T08:55:48,13,10,2018,HUMAN_OBSERVATION,iNaturalist,STEWART,2012,10630.18,417,Sonoran
3361,Animalia,Chordata,Aves,Passeriformes,Tyrannidae,Empidonax,Empidonax traillii,Empidonax traillii,,34.047443,-116.570277,2019-05-19T10:01:00,19,5,2019,HUMAN_OBSERVATION,iNaturalist,PARADISE,2005,3081.726,271,Mojave
6006,Animalia,Chordata,Aves,Piciformes,Picidae,Colaptes,Colaptes chrysoides,Colaptes chrysoides,1,35.25319,-115.51266,2019-06-29T00:00:00,29,6,2019,HUMAN_OBSERVATION,EBIRD,DOME,2020,44211.08459,1109,Mojave
6433,Animalia,Chordata,Mammalia,Artiodactyla,Bovidae,Ovis,Ovis canadensis,Ovis canadensis nelsoni,,33.893092,-116.648406,2012-12-21T00:00:00,21,12,2012,HUMAN_OBSERVATION,iNaturalist,BLAISDELL,2005,5491.788,505,Sonoran
6442,Animalia,Chordata,Mammalia,Artiodactyla,Bovidae,Ovis,Ovis canadensis,Ovis canadensis nelsoni,,33.250691,-116.478575,2021-05-26T10:13:00,26,5,2021,HUMAN_OBSERVATION,iNaturalist,PINES,2002,61691.24,263,Sonoran
6827,Animalia,Chordata,Mammalia,Artiodactyla,Bovidae,Ovis,Ovis canadensis,Ovis canadensis nelsoni,,33.721104,-116.572082,2019-08-01T08:11:00,1,8,2019,HUMAN_OBSERVATION,iNaturalist,MOUNTAIN,2013,27523.67,331,Sonoran
6996,Animalia,Chordata,Mammalia,Carnivora,Felidae,Puma,Puma concolor,Puma concolor,,33.154944,-116.482596,2021-02-19T11:01:19,19,2,2021,HUMAN_OBSERVATION,iNaturalist,STEWART,2012,10630.18,417,Sonoran
7088,Animalia,Chordata,Aves,Passeriformes,Icteridae,Agelaius,Agelaius tricolor,Agelaius tricolor,,36.690111,-120.914665,2022-01-03T15:21:00,3,1,2022,HUMAN_OBSERVATION,iNaturalist,BROWN,2008,3786.915,935,San Joaquin
7280,Animalia,Chordata,Mammalia,Carnivora,Felidae,Puma,Puma concolor,Puma concolor,,33.128107,-116.496596,2021-05-22T19:34:00,22,5,2021,HUMAN_OBSERVATION,iNaturalist,STEWART,2012,10630.18,417,Sonoran
7442,Animalia,Chordata,Mammalia,Carnivora,Canidae,Canis,Canis lupus,Canis familiaris,,34.420462,-117.868767,2020-05-13T08:50:25,13,5,2020,HUMAN_OBSERVATION,iNaturalist,BOBCAT,2020,115997.5701,1110,Mojave
8449,Animalia,Chordata,Mammalia,Artiodactyla,Bovidae,Ovis,Ovis canadensis,Ovis canadensis nelsoni,,35.163239,-115.457143,2009-05-17T00:00:00,17,5,2009,HUMAN_OBSERVATION,iNaturalist,HACKBERRY COMPLEX 1,2005,63771.3,565,Mojave
8539,Animalia,Chordata,Mammalia,Artiodactyla,Bovidae,Ovis,Ovis canadensis,Ovis canadensis nelsoni,,33.257227,-116.479508,2018-05-27T10:55:06,27,5,2018,HUMAN_OBSERVATION,iNaturalist,PINES,2002,61691.24,263,Sonoran
8805,Animalia,Chordata,Mammalia,Artiodactyla,Bovidae,Ovis,Ovis canadensis,Ovis canadensis nelsoni,,33.351532,-116.509418,2021-10-31T11:35:00,31,10,2021,HUMAN_OBSERVATION,iNaturalist,EAGLE,2011,13992.99,314,Sonoran
8845,Animalia,Chordata,Mammalia,Rodentia,Sciuridae,Ammospermophilus,Ammospermophilus nelsoni,Ammospermophilus nelsoni,,36.717083,-120.928309,2015-01-31T10:49:00,31,1,2015,HUMAN_OBSERVATION,iNaturalist,BROWN,2008,3786.915,935,San Joaquin
8911,Animalia,Chordata,Mammalia,Artiodactyla,Bovidae,Ovis,Ovis canadensis,Ovis canadensis nelsoni,,33.321722,-116.496453,2019-03-08T10:10:00,8,3,2019,HUMAN_OBSERVATION,iNaturalist,EAGLE,2011,13992.99,314,Sonoran
9163,Animalia,Chordata,Aves,Passeriformes,Icteridae,Agelaius,Agelaius tricolor,Agelaius tricolor,,36.70639,-120.922588,2020-01-04T14:33:00,4,1,2020,HUMAN_OBSERVATION,iNaturalist,BROWN,2008,3786.915,935,San Joaquin
9169,Animalia,Chordata,Mammalia,Carnivora,Felidae,Puma,Puma concolor,Puma concolor,,34.047086,-116.5691,2019-09-09T07:37:00,9,9,2019,HUMAN_OBSERVATION,iNaturalist,PARADISE,2005,3081.726,271,Mojave
9197,Animalia,Chordata,Mammalia,Artiodactyla,Bovidae,Ovis,Ovis canadensis,Ovis canadensis nelsoni,,33.345671,-116.514808,2016-04-24T14:53:58,24,4,2016,HUMAN_OBSERVATION,iNaturalist,EAGLE,2011,13992.99,314,Sonoran
9462,Animalia,Chordata,Mammalia,Artiodactyla,Bovidae,Ovis,Ovis canadensis,Ovis canadensis nelsoni,,33.342772,-116.497637,2021-01-01T16:42:00,1,1,2021,HUMAN_OBSERVATION,iNaturalist,EAGLE,2011,13992.99,314,Sonoran
9631,Animalia,Chordata,Mammalia,Artiodactyla,Bovidae,Ovis,Ovis canadensis,Ovis canadensis nelsoni,,33.116638,-116.547982,2015-05-03T11:37:00,3,5,2015,HUMAN_OBSERVATION,iNaturalist,PINES,2002,61691.24,263,Sonoran
9637,Animalia,Chordata,Mammalia,Artiodactyla,Bovidae,Ovis,Ovis canadensis,Ovis canadensis nelsoni,,33.330674,-116.475288,2010-01-24T15:41:00,24,1,2010,HUMAN_OBSERVATION,iNaturalist,EAGLE,2011,13992.99,314,Sonoran
9762,Animalia,Chordata,Aves,Passeriformes,Icteridae,Agelaius,Agelaius tricolor,Agelaius tricolor,,36.680301,-120.918945,2016-02-28T09:19:37,28,2,2016,HUMAN_OBSERVATION,iNaturalist,BROWN,2008,3786.915,935,San Joaquin
9940,Animalia,Chordata,Aves,Passeriformes,Vireonidae,Vireo,Vireo bellii,Vireo bellii pusillus,,34.184916,-116.481308,2021-09-01T08:58:00,1,9,2021,HUMAN_OBSERVATION,iNaturalist,SAWTOOTH COMPLEX,2006,61767.18,261,Mojave
9949,Animalia,Chordata,Aves,Piciformes,Picidae,Colaptes,Colaptes chrysoides,Colaptes chrysoides,,35.285739,-115.528321,2012-04-15T08:13:39,15,4,2012,HUMAN_OBSERVATION,iNaturalist,DOME,2020,44211.08459,1109,Mojave
10675,Animalia,Chordata,Mammalia,Artiodactyla,Bovidae,Ovis,Ovis canadensis,Ovis canadensis nelsoni,,35.160282,-115.382668,2012-04-28T09:41:00,28,4,2012,HUMAN_OBSERVATION,iNaturalist,HACKBERRY COMPLEX 1,2005,63771.3,565,Mojave
10918,Animalia,Chordata,Reptilia,Squamata,Phrynosomatidae,Uma,Uma inornata,Uma inornata,,33.885931,-116.634964,2020-06-02T00:00:00,2,6,2020,HUMAN_OBSERVATION,iNaturalist,BLAISDELL,2005,5491.788,505,Sonoran
11055,Animalia,Chordata,Actinopterygii,Cyprinodontiformes,Cyprinodontidae,Cyprinodon,Cyprinodon macularius,Cyprinodon macularius,,33.331965,-116.459088,2017-09-25T11:34:00,25,9,2017,HUMAN_OBSERVATION,iNaturalist,EAGLE,2011,13992.99,314,Sonoran
11133,Animalia,Arthropoda,Insecta,Lepidoptera,Nymphalidae,Danaus,Danaus plexippus,Danaus plexippus,,34.04752,-116.56734,2021-10-05T08:28:00,5,10,2021,HUMAN_OBSERVATION,iNaturalist,PARADISE,2005,3081.726,271,Mojave
11862,Animalia,Chordata,Reptilia,Testudines,Testudinidae,Gopherus,Gopherus agassizii,Gopherus agassizii,,33.882133,-116.687901,2014-04-06T10:50:50,6,4,2014,HUMAN_OBSERVATION,iNaturalist,VERBENIA,2004,3831.371,82,Sonoran
11978,Animalia,Chordata,Amphibia,Anura,Bufonidae,Anaxyrus,Anaxyrus californicus,Anaxyrus californicus,,34.310097,-117.394661,2018-05-22T20:30:00,22,5,2018,HUMAN_OBSERVATION,iNaturalist,OLD,2003,91428,512,Mojave
12073,Animalia,Chordata,Mammalia,Artiodactyla,Bovidae,Ovis,Ovis canadensis,Ovis canadensis nelsoni,,33.923123,-116.711372,2022-01-20T16:31:54,20,1,2022,HUMAN_OBSERVATION,iNaturalist,CABAZON,2011,98.981,316,Sonoran
12078,Animalia,Chordata,Mammalia,Carnivora,Felidae,Puma,Puma concolor,Puma concolor,,33.152238,-116.475664,2018-11-03T08:44:46,3,11,2018,HUMAN_OBSERVATION,iNaturalist,STEWART,2012,10630.18,417,Sonoran
12327,Animalia,Chordata,Aves,Piciformes,Picidae,Colaptes,Colaptes chrysoides,Colaptes chrysoides,1,35.268368,-115.520065,2019-05-12T00:00:00,12,5,2019,HUMAN_OBSERVATION,EBIRD,DOME,2020,44211.08459,1109,Mojave
13231,Animalia,Chordata,Mammalia,Carnivora,Felidae,Puma,Puma concolor,Puma concolor,,34.423827,-117.808318,2021-08-10T04:07:00,10,8,2021,HUMAN_OBSERVATION,iNaturalist,BOBCAT,2020,115997.5701,1110,Mojave
13633,Animalia,Chordata,Aves,Passeriformes,Icteridae,Agelaius,Agelaius tricolor,Agelaius tricolor,280,34.70799,-118.42872,2012-04-16T00:00:00,16,4,2012,HUMAN_OBSERVATION,EBIRD,POWERHOUSE,2013,30267.57,418,Mojave
15208,Animalia,Chordata,Mammalia,Artiodactyla,Bovidae,Ovis,Ovis canadensis,Ovis canadensis nelsoni,,33.261868,-116.473421,2017-03-04T11:10:18,4,3,2017,HUMAN_OBSERVATION,iNaturalist,PINES,2002,61691.24,263,Sonoran
15592,Animalia,Chordata,Mammalia,Artiodactyla,Bovidae,Ovis,Ovis canadensis,Ovis canadensis nelsoni,,33.230816,-116.484486,2012-10-20T10:43:00,20,10,2012,HUMAN_OBSERVATION,iNaturalist,PINES,2002,61691.24,263,Sonoran
15612,Animalia,Chordata,Actinopterygii,Cyprinodontiformes,Cyprinodontidae,Cyprinodon,Cyprinodon macularius,Cyprinodon macularius,,33.353615,-116.482358,2017-03-30T00:00:00,30,3,2017,HUMAN_OBSERVATION,iNaturalist,EAGLE,2011,13992.99,314,Sonoran
20136,Animalia,Chordata,Actinopterygii,Cyprinodontiformes,Cyprinodontidae,Cyprinodon,Cyprinodon macularius,Cyprinodon macularius,,33.237761,-116.491592,2018-04-16T12:22:23,16,4,2018,HUMAN_OBSERVATION,iNaturalist,PINES,2002,61691.24,263,Sonoran
21304,Animalia,Arthropoda,Insecta,Hymenoptera,Apidae,Bombus,Bombus crotchii,Bombus crotchii,,33.140378,-116.548907,2020-03-28T14:21:10,28,3,2020,HUMAN_OBSERVATION,iNaturalist,PINES,2002,61691.24,263,Sonoran
29720,Animalia,Chordata,Aves,Accipitriformes,Accipitridae,Buteo,Buteo swainsoni,Buteo swainsoni,2,37.44076,-121.30736,2014-04-24T00:00:00,24,4,2014,HUMAN_OBSERVATION,EBIRD,DEL PUERTO,2020,390647.2556,1112,San Joaquin
29852,Animalia,Chordata,Aves,Passeriformes,Icteridae,Agelaius,Agelaius tricolor,Agelaius tricolor,3,37.441776,-121.30011,2014-06-06T00:00:00,6,6,2014,HUMAN_OBSERVATION,EBIRD,DEL PUERTO,2020,390647.2556,1112,San Joaquin
29895,Animalia,Chordata,Aves,Passeriformes,Hirundinidae,Riparia,Riparia riparia,Riparia riparia,1,34.044693,-116.58022,2013-04-10T00:00:00,10,4,2013,HUMAN_OBSERVATION,EBIRD,PARADISE,2005,3081.726,271,Mojave
30605,Animalia,Chordata,Aves,Accipitriformes,Accipitridae,Buteo,Buteo swainsoni,Buteo swainsoni,1,37.08305,-121.06041,2017-05-06T00:00:00,6,5,2017,HUMAN_OBSERVATION,EBIRD,ROMERO,2000,1706.85,873,San Joaquin
30654,Animalia,Chordata,Aves,Accipitriformes,Accipitridae,Buteo,Buteo swainsoni,Buteo swainsoni,6,37.169483,-121.15877,2019-06-19T00:00:00,19,6,2019,HUMAN_OBSERVATION,EBIRD,MCCABE,2015,1728.974,997,San Joaquin
30654,Animalia,Chordata,Aves,Accipitriformes,Accipitridae,Buteo,Buteo swainsoni,Buteo swainsoni,6,37.169483,-121.15877,2019-06-19T00:00:00,19,6,2019,HUMAN_OBSERVATION,EBIRD,DEL PUERTO,2020,390647.2556,1112,San Joaquin
31241,Animalia,Chordata,Aves,Piciformes,Picidae,Colaptes,Colaptes chrysoides,Colaptes chrysoides,2,35.25319,-115.51266,2017-04-01T00:00:00,1,4,2017,HUMAN_OBSERVATION,EBIRD,DOME,2020,44211.08459,1109,Mojave
32236,Animalia,Chordata,Aves,Piciformes,Picidae,Colaptes,Colaptes chrysoides,Colaptes chrysoides,,35.316235,-115.545737,2021-04-29T17:50:00,29,4,2021,HUMAN_OBSERVATION,iNaturalist,DOME,2020,44211.08459,1109,Mojave
33256,Animalia,Chordata,Mammalia,Carnivora,Felidae,Puma,Puma concolor,Puma concolor,,33.155196,-116.483107,2018-02-17T11:23:33,17,2,2018,HUMAN_OBSERVATION,iNaturalist,STEWART,2012,10630.18,417,Sonoran
33267,Animalia,Chordata,Mammalia,Carnivora,Felidae,Puma,Puma concolor,Puma concolor,,33.117121,-116.465207,2021-02-17T14:41:09,17,2,2021,HUMAN_OBSERVATION,iNaturalist,STEWART,2012,10630.18,417,Sonoran
33315,Animalia,Chordata,Mammalia,Carnivora,Felidae,Puma,Puma concolor,Puma concolor,,33.042199,-116.446918,2021-02-02T12:16:02,2,2,2021,HUMAN_OBSERVATION,iNaturalist,BANNER FIRE,2012,5320.116,329,Sonoran
33434,Animalia,Chordata,Mammalia,Carnivora,Felidae,Puma,Puma concolor,Puma concolor,,33.045365,-116.439233,2018-03-07T11:02:38,7,3,2018,HUMAN_OBSERVATION,iNaturalist,BANNER FIRE,2012,5320.116,329,Sonoran
34119,Animalia,Chordata,Mammalia,Rodentia,Sciuridae,Ammospermophilus,Ammospermophilus nelsoni,Ammospermophilus nelsoni,,35.023225,-119.577792,2017-04-08T08:06:00,8,4,2017,HUMAN_OBSERVATION,iNaturalist,SODA,2016,2000.281,1086,San Joaquin
34641,Animalia,Arthropoda,Insecta,Lepidoptera,Nymphalidae,Danaus,Danaus plexippus,Danaus plexippus,1,37.44186,-121.299144,2015-06-01T14:00:00,1,6,2015,HUMAN_OBSERVATION,,DEL PUERTO,2020,390647.2556,1112,San Joaquin
38423,Animalia,Chordata,Aves,Accipitriformes,Accipitridae,Buteo,Buteo swainsoni,Buteo swainsoni,1,35.31624,-115.55262,2014-04-05T00:00:00,5,4,2014,HUMAN_OBSERVATION,EBIRD,DOME,2020,44211.08459,1109,Mojave
39806,Animalia,Chordata,Aves,Passeriformes,Tyrannidae,Empidonax,Empidonax traillii,Empidonax traillii,1,35.31624,-115.55262,2019-05-11T00:00:00,11,5,2019,HUMAN_OBSERVATION,EBIRD,DOME,2020,44211.08459,1109,Mojave
40036,Animalia,Chordata,Aves,Piciformes,Picidae,Colaptes,Colaptes chrysoides,Colaptes chrysoides,2,35.277576,-115.60192,1998-06-07T00:00:00,7,6,1998,HUMAN_OBSERVATION,EBIRD,DOME,2020,44211.08459,1109,Mojave
40192,Animalia,Chordata,Aves,Accipitriformes,Accipitridae,Buteo,Buteo swainsoni,Buteo swainsoni,1,37.448895,-121.255264,2020-09-22T00:00:00,22,9,2020,HUMAN_OBSERVATION,EBIRD,DEL PUERTO,2020,390647.2556,1112,San Joaquin
40626,Animalia,Chordata,Aves,Accipitriformes,Accipitridae,Buteo,Buteo swainsoni,Buteo swainsoni,2,36.89789,-120.80931,2017-05-28T00:00:00,28,5,2017,HUMAN_OBSERVATION,EBIRD,DOS AMIGOS,2005,746.0347,721,San Joaquin
43068,Animalia,Chordata,Aves,Passeriformes,Icteridae,Agelaius,Agelaius tricolor,Agelaius tricolor,8,35.025692,-119.58132,2017-05-02T00:00:00,2,5,2017,HUMAN_OBSERVATION,EBIRD,SODA,2016,2000.281,1086,San Joaquin
43276,Animalia,Chordata,Aves,Passeriformes,Icteridae,Agelaius,Agelaius tricolor,Agelaius tricolor,8,34.43565,-117.83632,2014-03-22T00:00:00,22,3,2014,HUMAN_OBSERVATION,EBIRD,BOBCAT,2020,115997.5701,1110,Mojave
43608,Animalia,Chordata,Aves,Passeriformes,Tyrannidae,Empidonax,Empidonax traillii,Empidonax traillii,1,35.31624,-115.55262,2019-05-11T00:00:00,11,5,2019,HUMAN_OBSERVATION,EBIRD,DOME,2020,44211.08459,1109,Mojave
43788,Animalia,Chordata,Aves,Accipitriformes,Accipitridae,Buteo,Buteo swainsoni,Buteo swainsoni,1,37.062,-121.03,2019-03-24T00:00:00,24,3,2019,HUMAN_OBSERVATION,EBIRD,BASALT,2004,410.184,929,San Joaquin
45506,Animalia,Chordata,Aves,Piciformes,Picidae,Colaptes,Colaptes chrysoides,Colaptes chrysoides,1,35.25319,-115.51266,1999-04-22T00:00:00,22,4,1999,HUMAN_OBSERVATION,EBIRD,DOME,2020,44211.08459,1109,Mojave
45572,Animalia,Chordata,Aves,Accipitriformes,Accipitridae,Haliaeetus,Haliaeetus leucocephalus,Haliaeetus leucocephalus,1,37.08305,-121.06041,2015-02-07T00:00:00,7,2,2015,HUMAN_OBSERVATION,EBIRD,ROMERO,2000,1706.85,873,San Joaquin
46337,Animalia,Chordata,Aves,Piciformes,Picidae,Colaptes,Colaptes chrysoides,Colaptes chrysoides,1,35.25319,-115.51266,2015-05-25T00:00:00,25,5,2015,HUMAN_OBSERVATION,EBIRD,DOME,2020,44211.08459,1109,Mojave
46443,Animalia,Chordata,Aves,Piciformes,Picidae,Melanerpes,Melanerpes uropygialis,Melanerpes uropygialis,1,32.769012,-114.58019,2013-10-26T00:00:00,26,10,2013,HUMAN_OBSERVATION,EBIRD,HAUGHTELIN,2010,2319.5,356,Sonoran
46888,Animalia,Chordata,Aves,Accipitriformes,Accipitridae,Buteo,Buteo swainsoni,Buteo swainsoni,1,35.131176,-115.43524,2012-09-08T00:00:00,8,9,2012,HUMAN_OBSERVATION,EBIRD,HACKBERRY COMPLEX 1,2005,63771.3,565,Mojave
46911,Animalia,Chordata,Aves,Piciformes,Picidae,Colaptes,Colaptes chrysoides,Colaptes chrysoides,2,35.25319,-115.51266,2017-04-01T00:00:00,1,4,2017,HUMAN_OBSERVATION,EBIRD,DOME,2020,44211.08459,1109,Mojave
48101,Animalia,Chordata,Aves,Piciformes,Picidae,Colaptes,Colaptes chrysoides,Colaptes chrysoides,2,35.277576,-115.60192,2009-06-28T00:00:00,28,6,2009,HUMAN_OBSERVATION,EBIRD,DOME,2020,44211.08459,1109,Mojave
49207,Animalia,Chordata,Aves,Passeriformes,Tyrannidae,Empidonax,Empidonax traillii,Empidonax traillii,1,35.83723,-116.22368,2008-06-14T00:00:00,14,6,2008,HUMAN_OBSERVATION,EBIRD,TECOPA,2010,105.7345,291,Mojave
49242,Animalia,Chordata,Aves,Passeriformes,Tyrannidae,Empidonax,Empidonax traillii,Empidonax traillii,4,33.11509,-116.44083,2017-05-27T00:00:00,27,5,2017,HUMAN_OBSERVATION,EBIRD,NARROWS,2010,49.86191,296,Sonoran
49649,Animalia,Chordata,Aves,Piciformes,Picidae,Colaptes,Colaptes chrysoides,Colaptes chrysoides,2,35.25319,-115.51266,2020-06-02T00:00:00,2,6,2020,HUMAN_OBSERVATION,EBIRD,DOME,2020,44211.08459,1109,Mojave
49702,Animalia,Chordata,Aves,Accipitriformes,Accipitridae,Haliaeetus,Haliaeetus leucocephalus,Haliaeetus leucocephalus,1,37.08305,-121.06041,2019-11-03T00:00:00,3,11,2019,HUMAN_OBSERVATION,EBIRD,ROMERO,2000,1706.85,873,San Joaquin
49809,Animalia,Chordata,Aves,Piciformes,Picidae,Colaptes,Colaptes chrysoides,Colaptes chrysoides,1,35.25319,-115.51266,2010-07-16T00:00:00,16,7,2010,HUMAN_OBSERVATION,EBIRD,DOME,2020,44211.08459,1109,Mojave
49823,Animalia,Chordata,Aves,Piciformes,Picidae,Colaptes,Colaptes chrysoides,Colaptes chrysoides,1,35.31624,-115.55262,2018-02-09T00:00:00,9,2,2018,HUMAN_OBSERVATION,EBIRD,DOME,2020,44211.08459,1109,Mojave
50291,Animalia,Chordata,Aves,Accipitriformes,Accipitridae,Buteo,Buteo swainsoni,Buteo swainsoni,1,33.099594,-116.47182,2010-03-21T00:00:00,21,3,2010,HUMAN_OBSERVATION,EBIRD,STEWART,2012,10630.18,417,Sonoran
50804,Animalia,Chordata,Aves,Passeriformes,Hirundinidae,Riparia,Riparia riparia,Riparia riparia,10,35.832287,-116.2235,2019-05-27T00:00:00,27,5,2019,HUMAN_OBSERVATION,EBIRD,TECOPA,2010,105.7345,291,Mojave
52156,Animalia,Chordata,Aves,Accipitriformes,Accipitridae,Haliaeetus,Haliaeetus leucocephalus,Haliaeetus leucocephalus,3,37.08305,-121.06041,2015-12-03T00:00:00,3,12,2015,HUMAN_OBSERVATION,EBIRD,ROMERO,2000,1706.85,873,San Joaquin
52297,Animalia,Chordata,Aves,Passeriformes,Tyrannidae,Empidonax,Empidonax traillii,Empidonax traillii,1,37.08305,-121.06041,2016-09-04T00:00:00,4,9,2016,HUMAN_OBSERVATION,EBIRD,ROMERO,2000,1706.85,873,San Joaquin
53918,Animalia,Chordata,Aves,Piciformes,Picidae,Colaptes,Colaptes chrysoides,Colaptes chrysoides,2,35.25319,-115.51266,2019-06-07T00:00:00,7,6,2019,HUMAN_OBSERVATION,EBIRD,DOME,2020,44211.08459,1109,Mojave
54612,Animalia,Chordata,Aves,Accipitriformes,Accipitridae,Buteo,Buteo swainsoni,Buteo swainsoni,1,34.894096,-119.50361,2009-05-03T00:00:00,3,5,2009,HUMAN_OBSERVATION,EBIRD,HWY166,2004,65.16033,856,San Joaquin
55101,Animalia,Chordata,Aves,Passeriformes,Tyrannidae,Empidonax,Empidonax traillii,Empidonax traillii,,35.832287,-116.2235,2005-06-02T00:00:00,2,6,2005,HUMAN_OBSERVATION,EBIRD,TECOPA,2010,105.7345,291,Mojave
55223,Animalia,Chordata,Aves,Passeriformes,Icteridae,Agelaius,Agelaius tricolor,Agelaius tricolor,150,34.71664,-118.42258,2011-04-17T00:00:00,17,4,2011,HUMAN_OBSERVATION,EBIRD,POWERHOUSE,2013,30267.57,418,Mojave
55237,Animalia,Chordata,Aves,Accipitriformes,Accipitridae,Buteo,Buteo swainsoni,Buteo swainsoni,1,33.12087,-116.48428,2016-04-10T00:00:00,10,4,2016,HUMAN_OBSERVATION,EBIRD,STEWART,2012,10630.18,417,Sonoran
56477,Animalia,Chordata,Aves,Accipitriformes,Accipitridae,Haliaeetus,Haliaeetus leucocephalus,Haliaeetus leucocephalus,,37.44076,-121.30736,2011-05-29T00:00:00,29,5,2011,HUMAN_OBSERVATION,EBIRD,DEL PUERTO,2020,390647.2556,1112,San Joaquin
58108,Animalia,Chordata,Aves,Passeriformes,Tyrannidae,Empidonax,Empidonax traillii,Empidonax traillii,,35.832287,-116.2235,2005-05-25T00:00:00,25,5,2005,HUMAN_OBSERVATION,EBIRD,TECOPA,2010,105.7345,291,Mojave
59491,Animalia,Chordata,Aves,Accipitriformes,Accipitridae,Buteo,Buteo swainsoni,Buteo swainsoni,1,35.31624,-115.55262,2010-05-22T00:00:00,22,5,2010,HUMAN_OBSERVATION,EBIRD,DOME,2020,44211.08459,1109,Mojave
59539,Animalia,Chordata,Aves,Piciformes,Picidae,Colaptes,Colaptes chrysoides,Colaptes chrysoides,2,35.25319,-115.51266,2020-06-13T00:00:00,13,6,2020,HUMAN_OBSERVATION,EBIRD,DOME,2020,44211.08459,1109,Mojave
60022,Animalia,Chordata,Aves,Accipitriformes,Accipitridae,Buteo,Buteo swainsoni,Buteo swainsoni,1,37.08305,-121.06041,2015-06-30T00:00:00,30,6,2015,HUMAN_OBSERVATION,EBIRD,ROMERO,2000,1706.85,873,San Joaquin
61408,Animalia,Chordata,Aves,Piciformes,Picidae,Colaptes,Colaptes chrysoides,Colaptes chrysoides,1,35.354145,-115.57676,2017-03-17T00:00:00,17,3,2017,HUMAN_OBSERVATION,EBIRD,DOME,2020,44211.08459,1109,Mojave
61499,Animalia,Chordata,Aves,Piciformes,Picidae,Colaptes,Colaptes chrysoides,Colaptes chrysoides,2,35.25319,-115.51266,2019-06-19T00:00:00,19,6,2019,HUMAN_OBSERVATION,EBIRD,DOME,2020,44211.08459,1109,Mojave
62036,Animalia,Chordata,Aves,Passeriformes,Icteridae,Agelaius,Agelaius tricolor,Agelaius tricolor,10,35.9561,-120.174,2011-05-21T00:00:00,21,5,2011,HUMAN_OBSERVATION,EBIRD,AVENAL,2008,945.3325,941,San Joaquin
62200,Animalia,Chordata,Aves,Accipitriformes,Accipitridae,Haliaeetus,Haliaeetus leucocephalus,Haliaeetus leucocephalus,1,35.82334,-120.27737,2018-01-05T00:00:00,5,1,2018,HUMAN_OBSERVATION,EBIRD,TURKEY,2012,2530.048,975,San Joaquin
62665,Animalia,Chordata,Aves,Accipitriformes,Accipitridae,Haliaeetus,Haliaeetus leucocephalus,Haliaeetus leucocephalus,1,37.077686,-121.07082,2018-12-21T00:00:00,21,12,2018,HUMAN_OBSERVATION,EBIRD,SAN LUIS,2005,332.2597,727,San Joaquin
62665,Animalia,Chordata,Aves,Accipitriformes,Accipitridae,Haliaeetus,Haliaeetus leucocephalus,Haliaeetus leucocephalus,1,37.077686,-121.07082,2018-12-21T00:00:00,21,12,2018,HUMAN_OBSERVATION,EBIRD,ROMERO,2000,1706.85,873,San Joaquin
62665,Animalia,Chordata,Aves,Accipitriformes,Accipitridae,Haliaeetus,Haliaeetus leucocephalus,Haliaeetus leucocephalus,1,37.077686,-121.07082,2018-12-21T00:00:00,21,12,2018,HUMAN_OBSERVATION,EBIRD,ROMERO,2008,766.0438,938,San Joaquin
62665,Animalia,Chordata,Aves,Accipitriformes,Accipitridae,Haliaeetus,Haliaeetus leucocephalus,Haliaeetus leucocephalus,1,37.077686,-121.07082,2018-12-21T00:00:00,21,12,2018,HUMAN_OBSERVATION,EBIRD,ROMERO,2011,451.0401,971,San Joaquin
63254,Animalia,Chordata,Aves,Accipitriformes,Accipitridae,Haliaeetus,Haliaeetus leucocephalus,Haliaeetus leucocephalus,1,37.08305,-121.06041,2019-11-10T00:00:00,10,11,2019,HUMAN_OBSERVATION,EBIRD,ROMERO,2000,1706.85,873,San Joaquin
63674,Animalia,Chordata,Aves,Piciformes,Picidae,Colaptes,Colaptes chrysoides,Colaptes chrysoides,1,35.25319,-115.51266,2011-06-06T00:00:00,6,6,2011,HUMAN_OBSERVATION,EBIRD,DOME,2020,44211.08459,1109,Mojave
64532,Animalia,Chordata,Aves,Accipitriformes,Accipitridae,Haliaeetus,Haliaeetus leucocephalus,Haliaeetus leucocephalus,1,37.08305,-121.06041,2017-05-06T00:00:00,6,5,2017,HUMAN_OBSERVATION,EBIRD,ROMERO,2000,1706.85,873,San Joaquin
65254,Animalia,Chordata,Aves,Piciformes,Picidae,Colaptes,Colaptes chrysoides,Colaptes chrysoides,1,35.289474,-115.585526,2018-10-04T00:00:00,4,10,2018,HUMAN_OBSERVATION,EBIRD,DOME,2020,44211.08459,1109,Mojave
66118,Animalia,Chordata,Aves,Accipitriformes,Accipitridae,Buteo,Buteo swainsoni,Buteo swainsoni,1,35.9561,-120.174,2012-04-02T00:00:00,2,4,2012,HUMAN_OBSERVATION,EBIRD,AVENAL,2008,945.3325,941,San Joaquin
66437,Animalia,Chordata,Aves,Piciformes,Picidae,Colaptes,Colaptes chrysoides,Colaptes chrysoides,1,35.25319,-115.51266,2015-05-25T00:00:00,25,5,2015,HUMAN_OBSERVATION,EBIRD,DOME,2020,44211.08459,1109,Mojave
67412,Animalia,Chordata,Aves,Passeriformes,Tyrannidae,Empidonax,Empidonax traillii,Empidonax traillii,2,35.131176,-115.43524,2015-06-07T00:00:00,7,6,2015,HUMAN_OBSERVATION,EBIRD,HACKBERRY COMPLEX 1,2005,63771.3,565,Mojave
67713,Animalia,Chordata,Aves,Piciformes,Picidae,Colaptes,Colaptes chrysoides,Colaptes chrysoides,1,35.163403,-115.43697,2020-06-13T00:00:00,13,6,2020,HUMAN_OBSERVATION,EBIRD,HACKBERRY COMPLEX 1,2005,63771.3,565,Mojave
67818,Animalia,Chordata,Aves,Piciformes,Picidae,Colaptes,Colaptes chrysoides,Colaptes chrysoides,1,35.31624,-115.55262,2014-03-24T00:00:00,24,3,2014,HUMAN_OBSERVATION,EBIRD,DOME,2020,44211.08459,1109,Mojave
67951,Animalia,Chordata,Aves,Accipitriformes,Accipitridae,Buteo,Buteo swainsoni,Buteo swainsoni,1,37.062,-121.03,2020-07-22T00:00:00,22,7,2020,HUMAN_OBSERVATION,EBIRD,BASALT,2004,410.184,929,San Joaquin
71755,Animalia,Chordata,Aves,Piciformes,Picidae,Colaptes,Colaptes chrysoides,Colaptes chrysoides,1,35.26065,-115.51595,2014-06-09T00:00:00,9,6,2014,HUMAN_OBSERVATION,EBIRD,DOME,2020,44211.08459,1109,Mojave
71947,Animalia,Chordata,Aves,Passeriformes,Icteridae,Agelaius,Agelaius tricolor,Agelaius tricolor,1,35.9561,-120.174,1999-03-27T00:00:00,27,3,1999,HUMAN_OBSERVATION,EBIRD,AVENAL,2008,945.3325,941,San Joaquin
72241,Animalia,Chordata,Aves,Piciformes,Picidae,Colaptes,Colaptes chrysoides,Colaptes chrysoides,1,35.277576,-115.60192,2005-04-17T00:00:00,17,4,2005,HUMAN_OBSERVATION,EBIRD,DOME,2020,44211.08459,1109,Mojave
73279,Animalia,Chordata,Aves,Accipitriformes,Accipitridae,Haliaeetus,Haliaeetus leucocephalus,Haliaeetus leucocephalus,,37.08305,-121.06041,2014-03-13T00:00:00,13,3,2014,HUMAN_OBSERVATION,EBIRD,ROMERO,2000,1706.85,873,San Joaquin
73767,Animalia,Chordata,Aves,Passeriformes,Icteridae,Agelaius,Agelaius tricolor,Agelaius tricolor,247,34.70799,-118.42872,2012-05-14T00:00:00,14,5,2012,HUMAN_OBSERVATION,EBIRD,POWERHOUSE,2013,30267.57,418,Mojave
73821,Animalia,Chordata,Aves,Piciformes,Picidae,Colaptes,Colaptes chrysoides,Colaptes chrysoides,3,35.25319,-115.51266,2019-05-26T00:00:00,26,5,2019,HUMAN_OBSERVATION,EBIRD,DOME,2020,44211.08459,1109,Mojave
74337,Animalia,Chordata,Aves,Passeriformes,Icteridae,Agelaius,Agelaius tricolor,Agelaius tricolor,,37.062,-121.03,2014-11-29T00:00:00,29,11,2014,HUMAN_OBSERVATION,EBIRD,BASALT,2004,410.184,929,San Joaquin
74370,Animalia,Chordata,Aves,Piciformes,Picidae,Colaptes,Colaptes chrysoides,Colaptes chrysoides,1,35.177177,-115.386314,2017-07-27T00:00:00,27,7,2017,HUMAN_OBSERVATION,EBIRD,HACKBERRY COMPLEX 1,2005,63771.3,565,Mojave
75154,Animalia,Chordata,Aves,Accipitriformes,Accipitridae,Buteo,Buteo swainsoni,Buteo swainsoni,1,35.9561,-120.174,2012-04-02T00:00:00,2,4,2012,HUMAN_OBSERVATION,EBIRD,AVENAL,2008,945.3325,941,San Joaquin
76702,Animalia,Chordata,Aves,Passeriformes,Tyrannidae,Empidonax,Empidonax traillii,Empidonax traillii,1,34.044693,-116.58022,1999-05-07T00:00:00,7,5,1999,HUMAN_OBSERVATION,EBIRD,PARADISE,2005,3081.726,271,Mojave
76934,Animalia,Chordata,Aves,Passeriformes,Icteridae,Agelaius,Agelaius tricolor,Agelaius tricolor,969,34.70799,-118.42872,2012-04-17T00:00:00,17,4,2012,HUMAN_OBSERVATION,EBIRD,POWERHOUSE,2013,30267.57,418,Mojave
77587,Animalia,Chordata,Aves,Piciformes,Picidae,Colaptes,Colaptes chrysoides,Colaptes chrysoides,1,35.25319,-115.51266,2019-06-12T00:00:00,12,6,2019,HUMAN_OBSERVATION,EBIRD,DOME,2020,44211.08459,1109,Mojave
78531,Animalia,Chordata,Aves,Piciformes,Picidae,Colaptes,Colaptes chrysoides,Colaptes chrysoides,1,35.177177,-115.386314,2017-07-27T00:00:00,27,7,2017,HUMAN_OBSERVATION,EBIRD,HACKBERRY COMPLEX 1,2005,63771.3,565,Mojave
78569,Animalia,Chordata,Aves,Piciformes,Picidae,Colaptes,Colaptes chrysoides,Colaptes chrysoides,1,35.277576,-115.60192,2014-04-06T00:00:00,6,4,2014,HUMAN_OBSERVATION,EBIRD,DOME,2020,44211.08459,1109,Mojave
78983,Animalia,Chordata,Aves,Piciformes,Picidae,Colaptes,Colaptes chrysoides,Colaptes chrysoides,1,35.26816,-115.52253,2010-06-01T00:00:00,1,6,2010,HUMAN_OBSERVATION,EBIRD,DOME,2020,44211.08459,1109,Mojave
79172,Animalia,Chordata,Aves,Accipitriformes,Accipitridae,Haliaeetus,Haliaeetus leucocephalus,Haliaeetus leucocephalus,1,37.08305,-121.06041,2018-02-23T00:00:00,23,2,2018,HUMAN_OBSERVATION,EBIRD,ROMERO,2000,1706.85,873,San Joaquin
79598,Animalia,Chordata,Aves,Piciformes,Picidae,Colaptes,Colaptes chrysoides,Colaptes chrysoides,1,35.26816,-115.52253,2015-11-11T00:00:00,11,11,2015,HUMAN_OBSERVATION,EBIRD,DOME,2020,44211.08459,1109,Mojave
81752,Animalia,Chordata,Aves,Piciformes,Picidae,Colaptes,Colaptes chrysoides,Colaptes chrysoides,2,35.31624,-115.55262,2010-07-16T00:00:00,16,7,2010,HUMAN_OBSERVATION,EBIRD,DOME,2020,44211.08459,1109,Mojave
82251,Animalia,Chordata,Aves,Piciformes,Picidae,Melanerpes,Melanerpes uropygialis,Melanerpes uropygialis,2,33.202213,-114.68353,2011-06-15T00:00:00,15,6,2011,HUMAN_OBSERVATION,EBIRD,DRAPER,2017,754.3,368,Sonoran
83686,Animalia,Chordata,Aves,Passeriformes,Tyrannidae,Empidonax,Empidonax traillii,Empidonax traillii,,35.83723,-116.22368,2008-05-29T00:00:00,29,5,2008,HUMAN_OBSERVATION,EBIRD,TECOPA,2010,105.7345,291,Mojave
84221,Animalia,Chordata,Aves,Piciformes,Picidae,Colaptes,Colaptes chrysoides,Colaptes chrysoides,1,35.25319,-115.51266,2015-05-25T00:00:00,25,5,2015,HUMAN_OBSERVATION,EBIRD,DOME,2020,44211.08459,1109,Mojave
84268,Animalia,Chordata,Aves,Piciformes,Picidae,Colaptes,Colaptes chrysoides,Colaptes chrysoides,,35.160686,-115.33627,1997-04-13T00:00:00,13,4,1997,HUMAN_OBSERVATION,EBIRD,HACKBERRY COMPLEX 1,2005,63771.3,565,Mojave
84892,Animalia,Chordata,Aves,Piciformes,Picidae,Colaptes,Colaptes chrysoides,Colaptes chrysoides,1,35.25319,-115.51266,2015-05-25T00:00:00,25,5,2015,HUMAN_OBSERVATION,EBIRD,DOME,2020,44211.08459,1109,Mojave
84937,Animalia,Chordata,Aves,Passeriformes,Tyrannidae,Empidonax,Empidonax traillii,Empidonax traillii,2,35.160686,-115.33627,2007-05-26T00:00:00,26,5,2007,HUMAN_OBSERVATION,EBIRD,HACKBERRY COMPLEX 1,2005,63771.3,565,Mojave
86501,Animalia,Chordata,Aves,Passeriformes,Icteridae,Agelaius,Agelaius tricolor,Agelaius tricolor,2,37.062,-121.03,2016-01-30T00:00:00,30,1,2016,HUMAN_OBSERVATION,EBIRD,BASALT,2004,410.184,929,San Joaquin
87605,Animalia,Chordata,Aves,Passeriformes,Tyrannidae,Empidonax,Empidonax traillii,Empidonax traillii,1,35.31624,-115.55262,2019-05-11T00:00:00,11,5,2019,HUMAN_OBSERVATION,EBIRD,DOME,2020,44211.08459,1109,Mojave
87840,Animalia,Chordata,Aves,Passeriformes,Tyrannidae,Empidonax,Empidonax traillii,Empidonax traillii,,35.832287,-116.2235,2009-06-15T00:00:00,15,6,2009,HUMAN_OBSERVATION,EBIRD,TECOPA,2010,105.7345,291,Mojave
88381,Animalia,Chordata,Aves,Piciformes,Picidae,Colaptes,Colaptes chrysoides,Colaptes chrysoides,1,35.266975,-115.51916,2019-09-20T00:00:00,20,9,2019,HUMAN_OBSERVATION,EBIRD,DOME,2020,44211.08459,1109,Mojave
88690,Animalia,Chordata,Aves,Piciformes,Picidae,Colaptes,Colaptes chrysoides,Colaptes chrysoides,1,35.25319,-115.51266,2019-06-20T00:00:00,20,6,2019,HUMAN_OBSERVATION,EBIRD,DOME,2020,44211.08459,1109,Mojave
89060,Animalia,Chordata,Aves,Piciformes,Picidae,Colaptes,Colaptes chrysoides,Colaptes chrysoides,1,35.25319,-115.51266,2015-05-25T00:00:00,25,5,2015,HUMAN_OBSERVATION,EBIRD,DOME,2020,44211.08459,1109,Mojave
89337,Animalia,Chordata,Aves,Piciformes,Picidae,Colaptes,Colaptes chrysoides,Colaptes chrysoides,2,35.25319,-115.51266,2004-05-16T00:00:00,16,5,2004,HUMAN_OBSERVATION,EBIRD,DOME,2020,44211.08459,1109,Mojave
89943,Animalia,Chordata,Aves,Accipitriformes,Accipitridae,Haliaeetus,Haliaeetus leucocephalus,Haliaeetus leucocephalus,1,37.08305,-121.06041,2015-01-29T00:00:00,29,1,2015,HUMAN_OBSERVATION,EBIRD,ROMERO,2000,1706.85,873,San Joaquin
90115,Animalia,Chordata,Aves,Piciformes,Picidae,Colaptes,Colaptes chrysoides,Colaptes chrysoides,1,35.269314,-115.523964,2019-05-18T00:00:00,18,5,2019,HUMAN_OBSERVATION,EBIRD,DOME,2020,44211.08459,1109,Mojave
90562,Animalia,Chordata,Aves,Piciformes,Picidae,Colaptes,Colaptes chrysoides,Colaptes chrysoides,1,35.31624,-115.55262,2016-04-02T00:00:00,2,4,2016,HUMAN_OBSERVATION,EBIRD,DOME,2020,44211.08459,1109,Mojave
90629,Animalia,Chordata,Aves,Piciformes,Picidae,Colaptes,Colaptes chrysoides,Colaptes chrysoides,1,35.25319,-115.51266,2020-10-17T00:00:00,17,10,2020,HUMAN_OBSERVATION,EBIRD,DOME,2020,44211.08459,1109,Mojave
93000,Animalia,Chordata,Aves,Accipitriformes,Accipitridae,Haliaeetus,Haliaeetus leucocephalus,Haliaeetus leucocephalus,1,37.081837,-121.06037,2014-11-20T00:00:00,20,11,2014,HUMAN_OBSERVATION,EBIRD,ROMERO,2000,1706.85,873,San Joaquin
93266,Animalia,Chordata,Aves,Passeriformes,Tyrannidae,Empidonax,Empidonax traillii,Empidonax traillii,1,35.92559,-120.167534,2013-05-18T00:00:00,18,5,2013,HUMAN_OBSERVATION,EBIRD,GARZA,2017,48886.66,1045,San Joaquin
93609,Animalia,Chordata,Aves,Accipitriformes,Accipitridae,Buteo,Buteo swainsoni,Buteo swainsoni,1,34.04773,-116.56976,2019-04-24T00:00:00,24,4,2019,HUMAN_OBSERVATION,EBIRD,PARADISE,2005,3081.726,271,Mojave
94319,Animalia,Chordata,Aves,Passeriformes,Icteridae,Agelaius,Agelaius tricolor,Agelaius tricolor,1,35.35177,-120.02309,2012-01-20T00:00:00,20,1,2012,HUMAN_OBSERVATION,EBIRD,BECK,2000,396.3609,926,San Joaquin
94607,Animalia,Chordata,Aves,Accipitriformes,Accipitridae,Haliaeetus,Haliaeetus leucocephalus,Haliaeetus leucocephalus,1,37.062,-121.03,2016-01-30T00:00:00,30,1,2016,HUMAN_OBSERVATION,EBIRD,BASALT,2004,410.184,929,San Joaquin
95034,Animalia,Chordata,Aves,Passeriformes,Tyrannidae,Empidonax,Empidonax traillii,Empidonax traillii,1,37.08305,-121.06041,2008-09-22T00:00:00,22,9,2008,HUMAN_OBSERVATION,EBIRD,ROMERO,2000,1706.85,873,San Joaquin
95040,Animalia,Chordata,Aves,Piciformes,Picidae,Colaptes,Colaptes chrysoides,Colaptes chrysoides,1,35.25319,-115.51266,2013-08-31T00:00:00,31,8,2013,HUMAN_OBSERVATION,EBIRD,DOME,2020,44211.08459,1109,Mojave
95471,Animalia,Chordata,Aves,Piciformes,Picidae,Colaptes,Colaptes chrysoides,Colaptes chrysoides,1,35.31624,-115.55262,2010-05-22T00:00:00,22,5,2010,HUMAN_OBSERVATION,EBIRD,DOME,2020,44211.08459,1109,Mojave
96050,Animalia,Chordata,Aves,Passeriformes,Icteridae,Agelaius,Agelaius tricolor,Agelaius tricolor,1,35.9561,-120.174,1999-03-27T00:00:00,27,3,1999,HUMAN_OBSERVATION,EBIRD,AVENAL,2008,945.3325,941,San Joaquin
96058,Animalia,Chordata,Aves,Passeriformes,Tyrannidae,Empidonax,Empidonax traillii,Empidonax traillii,1,37.08305,-121.06041,2018-09-26T00:00:00,26,9,2018,HUMAN_OBSERVATION,EBIRD,ROMERO,2000,1706.85,873,San Joaquin
96626,Animalia,Chordata,Aves,Passeriformes,Tyrannidae,Empidonax,Empidonax traillii,Empidonax traillii,1,35.832287,-116.2235,2017-06-10T00:00:00,10,6,2017,HUMAN_OBSERVATION,EBIRD,TECOPA,2010,105.7345,291,Mojave
96905,Animalia,Chordata,Aves,Accipitriformes,Accipitridae,Buteo,Buteo swainsoni,Buteo swainsoni,4,34.318203,-117.4823,2016-04-15T00:00:00,15,4,2016,HUMAN_OBSERVATION,EBIRD,BLUE CUT,2016,36266.55,414,Mojave
96905,Animalia,Chordata,Aves,Accipitriformes,Accipitridae,Buteo,Buteo swainsoni,Buteo swainsoni,4,34.318203,-117.4823,2016-04-15T00:00:00,15,4,2016,HUMAN_OBSERVATION,EBIRD,LOUISIANA,2002,6564.211,518,Mojave
97119,Animalia,Chordata,Aves,Piciformes,Picidae,Colaptes,Colaptes chrysoides,Colaptes chrysoides,3,35.25319,-115.51266,2019-05-26T00:00:00,26,5,2019,HUMAN_OBSERVATION,EBIRD,DOME,2020,44211.08459,1109,Mojave
97885,Animalia,Chordata,Aves,Accipitriformes,Accipitridae,Haliaeetus,Haliaeetus leucocephalus,Haliaeetus leucocephalus,1,37.08305,-121.06041,2018-12-10T00:00:00,10,12,2018,HUMAN_OBSERVATION,EBIRD,ROMERO,2000,1706.85,873,San Joaquin
98740,Animalia,Chordata,Aves,Accipitriformes,Accipitridae,Haliaeetus,Haliaeetus leucocephalus,Haliaeetus leucocephalus,1,37.062,-121.03,2019-11-02T00:00:00,2,11,2019,HUMAN_OBSERVATION,EBIRD,BASALT,2004,410.184,929,San Joaquin
99346,Animalia,Chordata,Mammalia,Carnivora,Felidae,Puma,Puma concolor,Puma concolor,,33.119337,-116.549781,2021-05-24T01:04:00,24,5,2021,HUMAN_OBSERVATION,iNaturalist,PINES,2002,61691.24,263,Sonoran
99426,Animalia,Chordata,Aves,Gruiformes,Rallidae,Rallus,Rallus obsoletus,Rallus obsoletus yumanensis,,32.881353,-114.47947,2010-03-01T00:00:00,1,3,2010,MACHINE_OBSERVATION,EBIRD,SENATOR,2012,47.72357,359,Sonoran
100272,Animalia,Chordata,Aves,Passeriformes,Tyrannidae,Empidonax,Empidonax traillii,Empidonax traillii,,37.44186,-121.299144,2016-05-28T09:46:00,28,5,2016,HUMAN_OBSERVATION,iNaturalist,DEL PUERTO,2020,390647.2556,1112,San Joaquin
100454,Animalia,Chordata,Mammalia,Artiodactyla,Bovidae,Ovis,Ovis canadensis,Ovis canadensis nelsoni,,33.22775,-116.482208,2020-03-09T15:38:49,9,3,2020,HUMAN_OBSERVATION,iNaturalist,PINES,2002,61691.24,263,Sonoran
100560,Animalia,Chordata,Mammalia,Artiodactyla,Bovidae,Ovis,Ovis canadensis,Ovis canadensis nelsoni,,33.906552,-116.70201,2009-11-26T04:03:00,26,11,2009,HUMAN_OBSERVATION,iNaturalist,VERBENIA,2004,3831.371,82,Sonoran
100726,Animalia,Chordata,Mammalia,Artiodactyla,Bovidae,Ovis,Ovis canadensis,Ovis canadensis nelsoni,,33.383353,-116.52537,2022-01-10T10:33:29,10,1,2022,HUMAN_OBSERVATION,iNaturalist,COYOTE,2003,18704.78,506,Sonoran
100775,Animalia,Chordata,Mammalia,Carnivora,Felidae,Puma,Puma concolor,Puma concolor,,33.154476,-116.480864,2017-12-02T13:05:04,2,12,2017,HUMAN_OBSERVATION,iNaturalist,STEWART,2012,10630.18,417,Sonoran
101106,Animalia,Chordata,Aves,Piciformes,Picidae,Colaptes,Colaptes chrysoides,Colaptes chrysoides,1,35.31624,-115.55262,2017-11-13T00:00:00,13,11,2017,HUMAN_OBSERVATION,EBIRD,DOME,2020,44211.08459,1109,Mojave
101286,Animalia,Chordata,Mammalia,Carnivora,Felidae,Puma,Puma concolor,Puma concolor,,33.239722,-116.489722,2018-11-23T10:29:00,23,11,2018,HUMAN_OBSERVATION,iNaturalist,PINES,2002,61691.24,263,Sonoran
101316,Animalia,Chordata,Mammalia,Artiodactyla,Bovidae,Ovis,Ovis canadensis,Ovis canadensis nelsoni,,33.326946,-116.493414,2020-09-05T11:35:00,5,9,2020,HUMAN_OBSERVATION,iNaturalist,EAGLE,2011,13992.99,314,Sonoran
101507,Animalia,Chordata,Mammalia,Artiodactyla,Bovidae,Ovis,Ovis canadensis,Ovis canadensis nelsoni,,33.314352,-116.456347,2019-11-15T09:26:06,15,11,2019,HUMAN_OBSERVATION,iNaturalist,EAGLE,2011,13992.99,314,Sonoran
102512,Animalia,Chordata,Aves,Piciformes,Picidae,Colaptes,Colaptes chrysoides,Colaptes chrysoides,1,35.26816,-115.52253,2014-06-09T00:00:00,9,6,2014,HUMAN_OBSERVATION,EBIRD,DOME,2020,44211.08459,1109,Mojave
103010,Animalia,Chordata,Mammalia,Carnivora,Felidae,Puma,Puma concolor,Puma concolor,,33.152608,-116.476837,2019-07-20T07:55:06,20,7,2019,HUMAN_OBSERVATION,iNaturalist,STEWART,2012,10630.18,417,Sonoran
103049,Animalia,Chordata,Reptilia,Testudines,Testudinidae,Gopherus,Gopherus agassizii,Gopherus agassizii,,35.154436,-115.451528,2009-05-15T00:00:00,15,5,2009,HUMAN_OBSERVATION,iNaturalist,HACKBERRY COMPLEX 1,2005,63771.3,565,Mojave
103167,Animalia,Chordata,Aves,Accipitriformes,Accipitridae,Haliaeetus,Haliaeetus leucocephalus,Haliaeetus leucocephalus,2,37.08305,-121.06041,2015-07-11T00:00:00,11,7,2015,HUMAN_OBSERVATION,EBIRD,ROMERO,2000,1706.85,873,San Joaquin
103341,Animalia,Chordata,Aves,Passeriformes,Icteridae,Agelaius,Agelaius tricolor,Agelaius tricolor,10,37.44076,-121.30736,2014-03-28T00:00:00,28,3,2014,HUMAN_OBSERVATION,EBIRD,DEL PUERTO,2020,390647.2556,1112,San Joaquin
104429,Animalia,Chordata,Actinopterygii,Cyprinodontiformes,Cyprinodontidae,Cyprinodon,Cyprinodon macularius,Cyprinodon macularius,,33.356533,-116.493487,2018-06-29T11:15:00,29,6,2018,HUMAN_OBSERVATION,iNaturalist,EAGLE,2011,13992.99,314,Sonoran
104526,Animalia,Chordata,Mammalia,Artiodactyla,Bovidae,Ovis,Ovis canadensis,Ovis canadensis nelsoni,,33.719911,-116.573019,2021-03-13T21:09:00,13,3,2021,HUMAN_OBSERVATION,iNaturalist,MOUNTAIN,2013,27523.67,331,Sonoran
104575,Animalia,Chordata,Aves,Passeriformes,Icteridae,Agelaius,Agelaius tricolor,Agelaius tricolor,,36.53064,-120.827993,2019-01-18T16:10:00,18,1,2019,HUMAN_OBSERVATION,iNaturalist,NEW IDRIA,2003,632.0136,911,San Joaquin
104859,Animalia,Chordata,Reptilia,Testudines,Testudinidae,Gopherus,Gopherus agassizii,Gopherus agassizii,,34.182554,-116.460499,2018-04-22T10:43:00,22,4,2018,HUMAN_OBSERVATION,iNaturalist,SAWTOOTH COMPLEX,2006,61767.18,261,Mojave
106754,Animalia,Chordata,Aves,Accipitriformes,Accipitridae,Buteo,Buteo swainsoni,Buteo swainsoni,,36.7218,-118.09715,2002-06-25T00:00:00,25,6,2002,OBSERVATION,PRBO,MOFFAT,2018,1253.925,351,Mojave
106773,Animalia,Chordata,Aves,Passeriformes,Tyrannidae,Empidonax,Empidonax traillii,Empidonax traillii,,36.6003,-118.03279,2002-06-10T00:00:00,10,6,2002,OBSERVATION,PRBO,RIVER,2013,406.8415,332,Mojave
108271,Animalia,Chordata,Aves,Piciformes,Picidae,Colaptes,Colaptes chrysoides,Colaptes chrysoides,1,35.354145,-115.57676,2017-03-17T00:00:00,17,3,2017,HUMAN_OBSERVATION,EBIRD,DOME,2020,44211.08459,1109,Mojave
108877,Animalia,Chordata,Mammalia,Artiodactyla,Bovidae,Ovis,Ovis canadensis,Ovis canadensis nelsoni,,33.315876,-116.460326,2017-11-05T11:00:00,5,11,2017,HUMAN_OBSERVATION,iNaturalist,EAGLE,2011,13992.99,314,Sonoran
108933,Animalia,Arthropoda,Insecta,Lepidoptera,Nymphalidae,Danaus,Danaus plexippus,Danaus plexippus,,34.047289,-116.567783,2010-10-16T15:17:00,16,10,2010,HUMAN_OBSERVATION,iNaturalist,PARADISE,2005,3081.726,271,Mojave
109396,Animalia,Chordata,Actinopterygii,Cyprinodontiformes,Cyprinodontidae,Cyprinodon,Cyprinodon macularius,Cyprinodon macularius,,33.314483,-116.469246,2017-04-12T16:13:00,12,4,2017,HUMAN_OBSERVATION,iNaturalist,PINES,2002,61691.24,263,Sonoran
109396,Animalia,Chordata,Actinopterygii,Cyprinodontiformes,Cyprinodontidae,Cyprinodon,Cyprinodon macularius,Cyprinodon macularius,,33.314483,-116.469246,2017-04-12T16:13:00,12,4,2017,HUMAN_OBSERVATION,iNaturalist,EAGLE,2011,13992.99,314,Sonoran
109528,Animalia,Chordata,Mammalia,Carnivora,Felidae,Puma,Puma concolor,Puma concolor,,33.11415,-116.491302,2021-02-02T10:43:45,2,2,2021,HUMAN_OBSERVATION,iNaturalist,STEWART,2012,10630.18,417,Sonoran
109683,Animalia,Chordata,Aves,Piciformes,Picidae,Colaptes,Colaptes chrysoides,Colaptes chrysoides,,35.125747,-115.434783,2014-10-03T15:32:00,3,10,2014,HUMAN_OBSERVATION,iNaturalist,HACKBERRY COMPLEX 1,2005,63771.3,565,Mojave
109840,Animalia,Chordata,Mammalia,Artiodactyla,Bovidae,Ovis,Ovis canadensis,Ovis canadensis nelsoni,,33.312273,-116.452502,2006-12-30T14:09:34,30,12,2006,HUMAN_OBSERVATION,iNaturalist,EAGLE,2011,13992.99,314,Sonoran
110114,Animalia,Chordata,Mammalia,Carnivora,Felidae,Puma,Puma concolor,Puma concolor,,33.139073,-116.445678,2018-10-13T09:08:26,13,10,2018,HUMAN_OBSERVATION,iNaturalist,STEWART,2012,10630.18,417,Sonoran
110608,Animalia,Chordata,Reptilia,Testudines,Testudinidae,Gopherus,Gopherus agassizii,Gopherus agassizii,,35.004906,-115.489642,2015-05-27T00:00:00,27,5,2015,HUMAN_OBSERVATION,iNaturalist,BLAIR,2006,66.48067,673,Mojave
110703,Animalia,Chordata,Mammalia,Artiodactyla,Bovidae,Ovis,Ovis canadensis,Ovis canadensis nelsoni,,33.006532,-116.48599,2015-05-03T10:15:00,3,5,2015,HUMAN_OBSERVATION,iNaturalist,PINES,2002,61691.24,263,Sonoran
111013,Animalia,Chordata,Reptilia,Squamata,Phrynosomatidae,Uma,Uma inornata,Uma inornata,,33.900467,-116.742639,2020-02-17T11:41:39,17,2,2020,HUMAN_OBSERVATION,iNaturalist,ELM,2005,271.6541,76,Sonoran
111273,Animalia,Arthropoda,Insecta,Lepidoptera,Nymphalidae,Danaus,Danaus plexippus,Danaus plexippus,,34.046011,-116.567064,2021-10-07T09:39:00,7,10,2021,HUMAN_OBSERVATION,iNaturalist,PARADISE,2005,3081.726,271,Mojave
116920,Animalia,Chordata,Aves,Piciformes,Picidae,Colaptes,Colaptes chrysoides,Colaptes chrysoides,,35.255447,-115.514772,2018-05-26T16:41:00,26,5,2018,HUMAN_OBSERVATION,iNaturalist,DOME,2020,44211.08459,1109,Mojave
117149,Animalia,Chordata,Aves,Piciformes,Picidae,Melanerpes,Melanerpes uropygialis,Melanerpes uropygialis,2,33.202213,-114.68353,2011-07-07T00:00:00,7,7,2011,HUMAN_OBSERVATION,EBIRD,DRAPER,2017,754.3,368,Sonoran
117558,Animalia,Arthropoda,Insecta,Lepidoptera,Nymphalidae,Danaus,Danaus plexippus,Danaus plexippus,,34.047416,-116.566907,2018-07-02T16:36:00,2,7,2018,HUMAN_OBSERVATION,iNaturalist,PARADISE,2005,3081.726,271,Mojave
117641,Animalia,Chordata,Reptilia,Testudines,Testudinidae,Gopherus,Gopherus agassizii,Gopherus agassizii,,35.04149,-115.500502,2011-05-05T09:55:25,5,5,2011,HUMAN_OBSERVATION,iNaturalist,HACKBERRY COMPLEX 1,2005,63771.3,565,Mojave
117907,Animalia,Chordata,Reptilia,Squamata,Phrynosomatidae,Uma,Uma inornata,Uma inornata,,33.891964,-116.698399,2021-09-17T10:51:00,17,9,2021,HUMAN_OBSERVATION,iNaturalist,VERBENIA,2004,3831.371,82,Sonoran
130729,Animalia,Chordata,Aves,Accipitriformes,Accipitridae,Buteo,Buteo swainsoni,Buteo swainsoni,1,35.131176,-115.43524,2014-04-05T00:00:00,5,4,2014,HUMAN_OBSERVATION,EBIRD,HACKBERRY COMPLEX 1,2005,63771.3,565,Mojave
130869,Animalia,Chordata,Aves,Accipitriformes,Accipitridae,Haliaeetus,Haliaeetus leucocephalus,Haliaeetus leucocephalus,2,34.30521,-117.31063,2020-10-28T00:00:00,28,10,2020,HUMAN_OBSERVATION,EBIRD,OLD,2003,91428,512,Mojave
131556,Animalia,Chordata,Aves,Accipitriformes,Cathartidae,Gymnogyps,Gymnogyps californianus,Gymnogyps californianus,1,34.959522,-119.44898,2005-07-30T00:00:00,30,7,2005,HUMAN_OBSERVATION,EBIRD,SODA,2005,449.4977,678,San Joaquin
131556,Animalia,Chordata,Aves,Accipitriformes,Cathartidae,Gymnogyps,Gymnogyps californianus,Gymnogyps californianus,1,34.959522,-119.44898,2005-07-30T00:00:00,30,7,2005,HUMAN_OBSERVATION,EBIRD,HUDSON,2017,1182.301,1021,San Joaquin
131664,Animalia,Chordata,Aves,Passeriformes,Tyrannidae,Empidonax,Empidonax traillii,Empidonax traillii,2,35.025692,-119.58132,2014-05-23T00:00:00,23,5,2014,HUMAN_OBSERVATION,EBIRD,SODA,2016,2000.281,1086,San Joaquin
131763,Animalia,Chordata,Aves,Passeriformes,Icteridae,Agelaius,Agelaius tricolor,Agelaius tricolor,,35.9561,-120.174,1999-03-30T00:00:00,30,3,1999,HUMAN_OBSERVATION,EBIRD,AVENAL,2008,945.3325,941,San Joaquin
131955,Animalia,Chordata,Aves,Accipitriformes,Accipitridae,Haliaeetus,Haliaeetus leucocephalus,Haliaeetus leucocephalus,1,37.08305,-121.06041,2017-05-06T00:00:00,6,5,2017,HUMAN_OBSERVATION,EBIRD,ROMERO,2000,1706.85,873,San Joaquin
132243,Animalia,Chordata,Aves,Piciformes,Picidae,Colaptes,Colaptes chrysoides,Colaptes chrysoides,2,35.25319,-115.51266,2019-06-07T00:00:00,7,6,2019,HUMAN_OBSERVATION,EBIRD,DOME,2020,44211.08459,1109,Mojave
133099,Animalia,Chordata,Aves,Passeriformes,Tyrannidae,Empidonax,Empidonax traillii,Empidonax traillii,1,35.31624,-115.55262,2019-05-11T00:00:00,11,5,2019,HUMAN_OBSERVATION,EBIRD,DOME,2020,44211.08459,1109,Mojave
133305,Animalia,Chordata,Aves,Piciformes,Picidae,Colaptes,Colaptes chrysoides,Colaptes chrysoides,1,35.26818,-115.52318,2014-06-21T00:00:00,21,6,2014,HUMAN_OBSERVATION,EBIRD,DOME,2020,44211.08459,1109,Mojave
133353,Animalia,Chordata,Aves,Piciformes,Picidae,Colaptes,Colaptes chrysoides,Colaptes chrysoides,1,35.31624,-115.55262,2010-05-22T00:00:00,22,5,2010,HUMAN_OBSERVATION,EBIRD,DOME,2020,44211.08459,1109,Mojave
133416,Animalia,Chordata,Aves,Accipitriformes,Accipitridae,Haliaeetus,Haliaeetus leucocephalus,Haliaeetus leucocephalus,1,37.44076,-121.30736,2016-05-15T00:00:00,15,5,2016,HUMAN_OBSERVATION,EBIRD,DEL PUERTO,2020,390647.2556,1112,San Joaquin
134104,Animalia,Chordata,Aves,Passeriformes,Tyrannidae,Empidonax,Empidonax traillii,Empidonax traillii,,35.160686,-115.33627,1998-05-16T00:00:00,16,5,1998,HUMAN_OBSERVATION,EBIRD,HACKBERRY COMPLEX 1,2005,63771.3,565,Mojave
134678,Animalia,Chordata,Aves,Piciformes,Picidae,Colaptes,Colaptes chrysoides,Colaptes chrysoides,1,35.347614,-115.56999,2008-04-05T00:00:00,5,4,2008,HUMAN_OBSERVATION,EBIRD,DOME,2020,44211.08459,1109,Mojave
135133,Animalia,Chordata,Aves,Passeriformes,Tyrannidae,Empidonax,Empidonax traillii,Empidonax traillii,1,35.9561,-120.174,2009-05-23T00:00:00,23,5,2009,HUMAN_OBSERVATION,EBIRD,AVENAL,2008,945.3325,941,San Joaquin
135798,Animalia,Chordata,Aves,Passeriformes,Hirundinidae,Riparia,Riparia riparia,Riparia riparia,1,35.83723,-116.22368,2009-04-26T00:00:00,26,4,2009,HUMAN_OBSERVATION,EBIRD,TECOPA,2010,105.7345,291,Mojave
136140,Animalia,Chordata,Aves,Passeriformes,Icteridae,Agelaius,Agelaius tricolor,Agelaius tricolor,50,34.318535,-117.38007,2010-02-25T00:00:00,25,2,2010,HUMAN_OBSERVATION,EBIRD,OLD,2003,91428,512,Mojave
136332,Animalia,Chordata,Aves,Piciformes,Picidae,Colaptes,Colaptes chrysoides,Colaptes chrysoides,1,35.268368,-115.520065,2019-05-12T00:00:00,12,5,2019,HUMAN_OBSERVATION,EBIRD,DOME,2020,44211.08459,1109,Mojave
136674,Animalia,Chordata,Aves,Passeriformes,Tyrannidae,Empidonax,Empidonax traillii,Empidonax traillii,,34.044693,-116.58022,2003-09-06T00:00:00,6,9,2003,HUMAN_OBSERVATION,EBIRD,PARADISE,2005,3081.726,271,Mojave
137157,Animalia,Chordata,Aves,Piciformes,Picidae,Colaptes,Colaptes chrysoides,Colaptes chrysoides,1,35.277576,-115.60192,2014-04-06T00:00:00,6,4,2014,HUMAN_OBSERVATION,EBIRD,DOME,2020,44211.08459,1109,Mojave
137218,Animalia,Chordata,Aves,Passeriformes,Tyrannidae,Empidonax,Empidonax traillii,Empidonax traillii,2,35.131176,-115.43524,2015-06-07T00:00:00,7,6,2015,HUMAN_OBSERVATION,EBIRD,HACKBERRY COMPLEX 1,2005,63771.3,565,Mojave
137782,Animalia,Chordata,Aves,Piciformes,Picidae,Colaptes,Colaptes chrysoides,Colaptes chrysoides,1,35.25319,-115.51266,2016-05-08T00:00:00,8,5,2016,HUMAN_OBSERVATION,EBIRD,DOME,2020,44211.08459,1109,Mojave
139047,Animalia,Chordata,Aves,Piciformes,Picidae,Colaptes,Colaptes chrysoides,Colaptes chrysoides,1,35.25319,-115.51266,2018-11-25T00:00:00,25,11,2018,HUMAN_OBSERVATION,EBIRD,DOME,2020,44211.08459,1109,Mojave
139050,Animalia,Chordata,Aves,Accipitriformes,Cathartidae,Gymnogyps,Gymnogyps californianus,Gymnogyps californianus,1,34.926193,-119.408,2012-10-08T00:00:00,8,10,2012,HUMAN_OBSERVATION,EBIRD,SCHOOL,2014,223.7788,1094,San Joaquin
141671,Animalia,Chordata,Aves,Piciformes,Picidae,Colaptes,Colaptes chrysoides,Colaptes chrysoides,2,35.25319,-115.51266,2019-05-26T00:00:00,26,5,2019,HUMAN_OBSERVATION,EBIRD,DOME,2020,44211.08459,1109,Mojave
141895,Animalia,Chordata,Aves,Piciformes,Picidae,Colaptes,Colaptes chrysoides,Colaptes chrysoides,3,35.25319,-115.51266,2019-05-26T00:00:00,26,5,2019,HUMAN_OBSERVATION,EBIRD,DOME,2020,44211.08459,1109,Mojave
141967,Animalia,Chordata,Aves,Passeriformes,Tyrannidae,Empidonax,Empidonax traillii,Empidonax traillii,,35.83723,-116.22368,2008-05-26T00:00:00,26,5,2008,HUMAN_OBSERVATION,EBIRD,TECOPA,2010,105.7345,291,Mojave
142629,Animalia,Chordata,Aves,Passeriformes,Icteridae,Agelaius,Agelaius tricolor,Agelaius tricolor,1,37.08305,-121.06041,2019-06-13T00:00:00,13,6,2019,HUMAN_OBSERVATION,EBIRD,ROMERO,2000,1706.85,873,San Joaquin
142820,Animalia,Chordata,Aves,Passeriformes,Tyrannidae,Empidonax,Empidonax traillii,Empidonax traillii,1,33.202213,-114.68353,2011-06-15T00:00:00,15,6,2011,HUMAN_OBSERVATION,EBIRD,DRAPER,2017,754.3,368,Sonoran
143087,Animalia,Chordata,Aves,Passeriformes,Tyrannidae,Empidonax,Empidonax traillii,Empidonax traillii,1,37.08305,-121.06041,2016-09-04T00:00:00,4,9,2016,HUMAN_OBSERVATION,EBIRD,ROMERO,2000,1706.85,873,San Joaquin
143983,Animalia,Chordata,Aves,Accipitriformes,Cathartidae,Gymnogyps,Gymnogyps californianus,Gymnogyps californianus,7,34.928482,-119.40669,2017-10-10T00:00:00,10,10,2017,HUMAN_OBSERVATION,EBIRD,SCHOOL,2014,223.7788,1094,San Joaquin
144033,Animalia,Chordata,Aves,Passeriformes,Tyrannidae,Empidonax,Empidonax traillii,Empidonax traillii,1,35.131176,-115.43524,2013-08-31T00:00:00,31,8,2013,HUMAN_OBSERVATION,EBIRD,HACKBERRY COMPLEX 1,2005,63771.3,565,Mojave
144419,Animalia,Chordata,Aves,Passeriformes,Tyrannidae,Empidonax,Empidonax traillii,Empidonax traillii,2,35.83723,-116.22368,2008-06-05T00:00:00,5,6,2008,HUMAN_OBSERVATION,EBIRD,TECOPA,2010,105.7345,291,Mojave
144887,Animalia,Chordata,Aves,Passeriformes,Tyrannidae,Empidonax,Empidonax traillii,Empidonax traillii,1,37.08305,-121.06041,2017-09-24T00:00:00,24,9,2017,HUMAN_OBSERVATION,EBIRD,ROMERO,2000,1706.85,873,San Joaquin
146785,Animalia,Chordata,Aves,Passeriformes,Tyrannidae,Empidonax,Empidonax traillii,Empidonax traillii,1,35.832287,-116.2235,2019-05-27T00:00:00,27,5,2019,HUMAN_OBSERVATION,EBIRD,TECOPA,2010,105.7345,291,Mojave
147133,Animalia,Chordata,Aves,Piciformes,Picidae,Colaptes,Colaptes chrysoides,Colaptes chrysoides,1,35.31624,-115.55262,2010-05-22T00:00:00,22,5,2010,HUMAN_OBSERVATION,EBIRD,DOME,2020,44211.08459,1109,Mojave
147286,Animalia,Chordata,Aves,Passeriformes,Tyrannidae,Empidonax,Empidonax traillii,Empidonax traillii,1,34.44599,-117.85463,2013-05-26T00:00:00,26,5,2013,HUMAN_OBSERVATION,EBIRD,BOBCAT,2020,115997.5701,1110,Mojave
147794,Animalia,Chordata,Aves,Piciformes,Picidae,Colaptes,Colaptes chrysoides,Colaptes chrysoides,1,35.33591,-115.559975,2016-03-20T00:00:00,20,3,2016,HUMAN_OBSERVATION,EBIRD,DOME,2020,44211.08459,1109,Mojave
147878,Animalia,Chordata,Aves,Passeriformes,Icteridae,Agelaius,Agelaius tricolor,Agelaius tricolor,1,35.82334,-120.27737,2018-01-11T00:00:00,11,1,2018,HUMAN_OBSERVATION,EBIRD,TURKEY,2012,2530.048,975,San Joaquin
148402,Animalia,Chordata,Aves,Passeriformes,Tyrannidae,Empidonax,Empidonax traillii,Empidonax traillii,1,35.832287,-116.2235,2017-06-05T00:00:00,5,6,2017,HUMAN_OBSERVATION,EBIRD,TECOPA,2010,105.7345,291,Mojave
148867,Animalia,Chordata,Aves,Piciformes,Picidae,Colaptes,Colaptes chrysoides,Colaptes chrysoides,1,35.31624,-115.55262,2017-06-12T00:00:00,12,6,2017,HUMAN_OBSERVATION,EBIRD,DOME,2020,44211.08459,1109,Mojave
149914,Animalia,Chordata,Aves,Passeriformes,Tyrannidae,Empidonax,Empidonax traillii,Empidonax traillii,1,35.131176,-115.43524,2018-05-19T00:00:00,19,5,2018,HUMAN_OBSERVATION,EBIRD,HACKBERRY COMPLEX 1,2005,63771.3,565,Mojave
150242,Animalia,Chordata,Aves,Accipitriformes,Accipitridae,Buteo,Buteo swainsoni,Buteo swainsoni,1,35.31624,-115.55262,2014-04-05T00:00:00,5,4,2014,HUMAN_OBSERVATION,EBIRD,DOME,2020,44211.08459,1109,Mojave
150285,Animalia,Chordata,Aves,Piciformes,Picidae,Colaptes,Colaptes chrysoides,Colaptes chrysoides,1,35.31624,-115.55262,2014-04-05T00:00:00,5,4,2014,HUMAN_OBSERVATION,EBIRD,DOME,2020,44211.08459,1109,Mojave
150406,Animalia,Chordata,Aves,Accipitriformes,Accipitridae,Buteo,Buteo swainsoni,Buteo swainsoni,6,37.08305,-121.06041,2017-05-03T00:00:00,3,5,2017,HUMAN_OBSERVATION,EBIRD,ROMERO,2000,1706.85,873,San Joaquin
150492,Animalia,Chordata,Aves,Accipitriformes,Accipitridae,Haliaeetus,Haliaeetus leucocephalus,Haliaeetus leucocephalus,1,37.08305,-121.06041,2020-10-17T00:00:00,17,10,2020,HUMAN_OBSERVATION,EBIRD,ROMERO,2000,1706.85,873,San Joaquin
150654,Animalia,Chordata,Aves,Piciformes,Picidae,Colaptes,Colaptes chrysoides,Colaptes chrysoides,1,35.25319,-115.51266,2013-08-31T00:00:00,31,8,2013,HUMAN_OBSERVATION,EBIRD,DOME,2020,44211.08459,1109,Mojave
151025,Animalia,Chordata,Aves,Accipitriformes,Accipitridae,Haliaeetus,Haliaeetus leucocephalus,Haliaeetus leucocephalus,1,37.08305,-121.06041,2015-01-31T00:00:00,31,1,2015,HUMAN_OBSERVATION,EBIRD,ROMERO,2000,1706.85,873,San Joaquin
151178,Animalia,Chordata,Aves,Piciformes,Picidae,Colaptes,Colaptes chrysoides,Colaptes chrysoides,1,35.31624,-115.55262,2014-04-05T00:00:00,5,4,2014,HUMAN_OBSERVATION,EBIRD,DOME,2020,44211.08459,1109,Mojave
152396,Animalia,Chordata,Aves,Accipitriformes,Accipitridae,Haliaeetus,Haliaeetus leucocephalus,Haliaeetus leucocephalus,2,37.08305,-121.06041,2019-12-03T00:00:00,3,12,2019,HUMAN_OBSERVATION,EBIRD,ROMERO,2000,1706.85,873,San Joaquin
152771,Animalia,Chordata,Aves,Accipitriformes,Accipitridae,Haliaeetus,Haliaeetus leucocephalus,Haliaeetus leucocephalus,1,36.081917,-120.48183,2020-02-06T00:00:00,6,2,2020,HUMAN_OBSERVATION,EBIRD,MINERAL,2020,29666.84215,1111,San Joaquin
152780,Animalia,Chordata,Aves,Passeriformes,Icteridae,Agelaius,Agelaius tricolor,Agelaius tricolor,350,35.35177,-120.02309,2003-03-02T00:00:00,2,3,2003,HUMAN_OBSERVATION,EBIRD,BECK,2000,396.3609,926,San Joaquin
153249,Animalia,Chordata,Aves,Accipitriformes,Accipitridae,Haliaeetus,Haliaeetus leucocephalus,Haliaeetus leucocephalus,1,37.08305,-121.06041,2015-03-12T00:00:00,12,3,2015,HUMAN_OBSERVATION,EBIRD,ROMERO,2000,1706.85,873,San Joaquin
153767,Animalia,Chordata,Aves,Accipitriformes,Accipitridae,Buteo,Buteo swainsoni,Buteo swainsoni,1,34.044693,-116.58022,1996-04-20T00:00:00,20,4,1996,HUMAN_OBSERVATION,EBIRD,PARADISE,2005,3081.726,271,Mojave
156160,Animalia,Chordata,Aves,Piciformes,Picidae,Colaptes,Colaptes chrysoides,Colaptes chrysoides,1,35.25319,-115.51266,2015-05-25T00:00:00,25,5,2015,HUMAN_OBSERVATION,EBIRD,DOME,2020,44211.08459,1109,Mojave
157897,Animalia,Chordata,Aves,Piciformes,Picidae,Colaptes,Colaptes chrysoides,Colaptes chrysoides,1,35.31624,-115.55262,2010-04-11T00:00:00,11,4,2010,HUMAN_OBSERVATION,EBIRD,DOME,2020,44211.08459,1109,Mojave
157921,Animalia,Chordata,Aves,Accipitriformes,Accipitridae,Buteo,Buteo swainsoni,Buteo swainsoni,1,35.31624,-115.55262,2010-05-22T00:00:00,22,5,2010,HUMAN_OBSERVATION,EBIRD,DOME,2020,44211.08459,1109,Mojave
159169,Animalia,Chordata,Aves,Accipitriformes,Accipitridae,Buteo,Buteo swainsoni,Buteo swainsoni,1,35.9561,-120.174,2015-04-18T00:00:00,18,4,2015,HUMAN_OBSERVATION,EBIRD,AVENAL,2008,945.3325,941,San Joaquin
162251,Animalia,Chordata,Aves,Accipitriformes,Accipitridae,Buteo,Buteo swainsoni,Buteo swainsoni,1,37.062,-121.03,2015-04-24T00:00:00,24,4,2015,HUMAN_OBSERVATION,EBIRD,BASALT,2004,410.184,929,San Joaquin
162752,Animalia,Chordata,Aves,Passeriformes,Tyrannidae,Empidonax,Empidonax traillii,Empidonax traillii,2,34.044693,-116.58022,2010-06-11T00:00:00,11,6,2010,HUMAN_OBSERVATION,EBIRD,PARADISE,2005,3081.726,271,Mojave
162823,Animalia,Chordata,Aves,Accipitriformes,Accipitridae,Buteo,Buteo swainsoni,Buteo swainsoni,1,37.062,-121.03,2016-01-30T00:00:00,30,1,2016,HUMAN_OBSERVATION,EBIRD,BASALT,2004,410.184,929,San Joaquin
164011,Animalia,Chordata,Aves,Accipitriformes,Accipitridae,Haliaeetus,Haliaeetus leucocephalus,Haliaeetus leucocephalus,2,37.08305,-121.06041,2015-12-02T00:00:00,2,12,2015,HUMAN_OBSERVATION,EBIRD,ROMERO,2000,1706.85,873,San Joaquin
165168,Animalia,Chordata,Aves,Accipitriformes,Accipitridae,Buteo,Buteo swainsoni,Buteo swainsoni,13,33.1208,-116.4843,2016-04-09T00:00:00,9,4,2016,HUMAN_OBSERVATION,EBIRD,STEWART,2012,10630.18,417,Sonoran
166055,Animalia,Chordata,Aves,Passeriformes,Icteridae,Agelaius,Agelaius tricolor,Agelaius tricolor,150,34.71664,-118.42258,2011-04-17T00:00:00,17,4,2011,HUMAN_OBSERVATION,EBIRD,POWERHOUSE,2013,30267.57,418,Mojave
166407,Animalia,Chordata,Aves,Passeriformes,Tyrannidae,Empidonax,Empidonax traillii,Empidonax traillii,,35.832287,-116.2235,2005-05-24T00:00:00,24,5,2005,HUMAN_OBSERVATION,EBIRD,TECOPA,2010,105.7345,291,Mojave
166643,Animalia,Chordata,Aves,Accipitriformes,Accipitridae,Buteo,Buteo swainsoni,Buteo swainsoni,,34.044693,-116.58022,2008-04-12T00:00:00,12,4,2008,HUMAN_OBSERVATION,EBIRD,PARADISE,2005,3081.726,271,Mojave
166883,Animalia,Chordata,Aves,Accipitriformes,Accipitridae,Haliaeetus,Haliaeetus leucocephalus,Haliaeetus leucocephalus,1,37.08305,-121.06041,2016-01-23T00:00:00,23,1,2016,HUMAN_OBSERVATION,EBIRD,ROMERO,2000,1706.85,873,San Joaquin
167075,Animalia,Chordata,Aves,Accipitriformes,Accipitridae,Buteo,Buteo swainsoni,Buteo swainsoni,2,35.131176,-115.43524,2019-04-13T00:00:00,13,4,2019,HUMAN_OBSERVATION,EBIRD,HACKBERRY COMPLEX 1,2005,63771.3,565,Mojave
167287,Animalia,Chordata,Aves,Passeriformes,Icteridae,Agelaius,Agelaius tricolor,Agelaius tricolor,1,37.062,-121.03,2012-01-17T00:00:00,17,1,2012,HUMAN_OBSERVATION,EBIRD,BASALT,2004,410.184,929,San Joaquin
167423,Animalia,Chordata,Aves,Piciformes,Picidae,Colaptes,Colaptes chrysoides,Colaptes chrysoides,2,35.25319,-115.51266,2019-06-19T00:00:00,19,6,2019,HUMAN_OBSERVATION,EBIRD,DOME,2020,44211.08459,1109,Mojave
167526,Animalia,Chordata,Aves,Accipitriformes,Accipitridae,Buteo,Buteo swainsoni,Buteo swainsoni,2,37.074978,-121.07212,2015-04-09T00:00:00,9,4,2015,HUMAN_OBSERVATION,EBIRD,SAN LUIS,2005,332.2597,727,San Joaquin
167526,Animalia,Chordata,Aves,Accipitriformes,Accipitridae,Buteo,Buteo swainsoni,Buteo swainsoni,2,37.074978,-121.07212,2015-04-09T00:00:00,9,4,2015,HUMAN_OBSERVATION,EBIRD,ROMERO,2000,1706.85,873,San Joaquin
167526,Animalia,Chordata,Aves,Accipitriformes,Accipitridae,Buteo,Buteo swainsoni,Buteo swainsoni,2,37.074978,-121.07212,2015-04-09T00:00:00,9,4,2015,HUMAN_OBSERVATION,EBIRD,ROMERO,2008,766.0438,938,San Joaquin
167849,Animalia,Chordata,Aves,Passeriformes,Tyrannidae,Empidonax,Empidonax traillii,Empidonax traillii,1,35.31624,-115.55262,2019-05-11T00:00:00,11,5,2019,HUMAN_OBSERVATION,EBIRD,DOME,2020,44211.08459,1109,Mojave
167861,Animalia,Chordata,Aves,Passeriformes,Icteridae,Agelaius,Agelaius tricolor,Agelaius tricolor,12,34.45432,-117.85744,2008-05-17T00:00:00,17,5,2008,HUMAN_OBSERVATION,EBIRD,BOBCAT,2020,115997.5701,1110,Mojave
167960,Animalia,Chordata,Aves,Passeriformes,Icteridae,Agelaius,Agelaius tricolor,Agelaius tricolor,50,37.44076,-121.30736,2018-04-08T00:00:00,8,4,2018,HUMAN_OBSERVATION,EBIRD,DEL PUERTO,2020,390647.2556,1112,San Joaquin
168424,Animalia,Chordata,Aves,Piciformes,Picidae,Colaptes,Colaptes chrysoides,Colaptes chrysoides,1,35.277576,-115.60192,2002-07-04T00:00:00,4,7,2002,HUMAN_OBSERVATION,EBIRD,DOME,2020,44211.08459,1109,Mojave
168432,Animalia,Chordata,Aves,Passeriformes,Tyrannidae,Empidonax,Empidonax traillii,Empidonax traillii,1,34.044693,-116.58022,2013-05-26T00:00:00,26,5,2013,HUMAN_OBSERVATION,EBIRD,PARADISE,2005,3081.726,271,Mojave
169474,Animalia,Chordata,Aves,Piciformes,Picidae,Colaptes,Colaptes chrysoides,Colaptes chrysoides,1,35.288033,-115.5301,2018-04-10T00:00:00,10,4,2018,HUMAN_OBSERVATION,EBIRD,DOME,2020,44211.08459,1109,Mojave
169656,Animalia,Chordata,Aves,Passeriformes,Icteridae,Agelaius,Agelaius tricolor,Agelaius tricolor,,37.185223,-120.6635,2003-03-08T00:00:00,8,3,2003,HUMAN_OBSERVATION,EBIRD,SANDY,2016,0,1107,San Joaquin
170305,Animalia,Chordata,Aves,Accipitriformes,Accipitridae,Haliaeetus,Haliaeetus leucocephalus,Haliaeetus leucocephalus,1,37.062,-121.03,2016-01-30T00:00:00,30,1,2016,HUMAN_OBSERVATION,EBIRD,BASALT,2004,410.184,929,San Joaquin
170437,Animalia,Chordata,Aves,Accipitriformes,Accipitridae,Buteo,Buteo swainsoni,Buteo swainsoni,2,37.08305,-121.06041,2016-05-13T00:00:00,13,5,2016,HUMAN_OBSERVATION,EBIRD,ROMERO,2000,1706.85,873,San Joaquin
170511,Animalia,Chordata,Aves,Accipitriformes,Accipitridae,Buteo,Buteo swainsoni,Buteo swainsoni,1,33.14084,-116.5078,2016-04-10T00:00:00,10,4,2016,HUMAN_OBSERVATION,EBIRD,STEWART,2012,10630.18,417,Sonoran
171939,Animalia,Chordata,Aves,Accipitriformes,Accipitridae,Buteo,Buteo swainsoni,Buteo swainsoni,1,37.08305,-121.06041,2017-05-06T00:00:00,6,5,2017,HUMAN_OBSERVATION,EBIRD,ROMERO,2000,1706.85,873,San Joaquin
173151,Animalia,Chordata,Aves,Passeriformes,Tyrannidae,Empidonax,Empidonax traillii,Empidonax traillii,1,35.131176,-115.43524,2013-08-31T00:00:00,31,8,2013,HUMAN_OBSERVATION,EBIRD,HACKBERRY COMPLEX 1,2005,63771.3,565,Mojave
173770,Animalia,Chordata,Aves,Piciformes,Picidae,Colaptes,Colaptes chrysoides,Colaptes chrysoides,1,35.25319,-115.51266,2016-05-08T00:00:00,8,5,2016,HUMAN_OBSERVATION,EBIRD,DOME,2020,44211.08459,1109,Mojave
174237,Animalia,Chordata,Aves,Piciformes,Picidae,Colaptes,Colaptes chrysoides,Colaptes chrysoides,3,35.31624,-115.55262,2012-04-08T00:00:00,8,4,2012,HUMAN_OBSERVATION,EBIRD,DOME,2020,44211.08459,1109,Mojave
174408,Animalia,Chordata,Aves,Accipitriformes,Accipitridae,Haliaeetus,Haliaeetus leucocephalus,Haliaeetus leucocephalus,1,37.08305,-121.06041,2015-03-09T00:00:00,9,3,2015,HUMAN_OBSERVATION,EBIRD,ROMERO,2000,1706.85,873,San Joaquin
174570,Animalia,Chordata,Aves,Piciformes,Picidae,Colaptes,Colaptes chrysoides,Colaptes chrysoides,2,35.25319,-115.51266,2013-12-28T00:00:00,28,12,2013,HUMAN_OBSERVATION,EBIRD,DOME,2020,44211.08459,1109,Mojave
174627,Animalia,Chordata,Aves,Passeriformes,Hirundinidae,Riparia,Riparia riparia,Riparia riparia,4,35.88015,-116.23726,2014-05-23T00:00:00,23,5,2014,HUMAN_OBSERVATION,EBIRD,TECOPA,2017,26.99327,392,Mojave
176114,Animalia,Chordata,Aves,Passeriformes,Tyrannidae,Empidonax,Empidonax traillii,Empidonax traillii,1,34.45432,-117.85744,2003-05-30T00:00:00,30,5,2003,HUMAN_OBSERVATION,EBIRD,BOBCAT,2020,115997.5701,1110,Mojave
176270,Animalia,Chordata,Aves,Piciformes,Picidae,Colaptes,Colaptes chrysoides,Colaptes chrysoides,2,35.25319,-115.51266,2013-12-28T00:00:00,28,12,2013,HUMAN_OBSERVATION,EBIRD,DOME,2020,44211.08459,1109,Mojave
176641,Animalia,Chordata,Aves,Accipitriformes,Accipitridae,Haliaeetus,Haliaeetus leucocephalus,Haliaeetus leucocephalus,1,37.08305,-121.06041,2015-02-09T00:00:00,9,2,2015,HUMAN_OBSERVATION,EBIRD,ROMERO,2000,1706.85,873,San Joaquin
176655,Animalia,Chordata,Aves,Accipitriformes,Accipitridae,Buteo,Buteo swainsoni,Buteo swainsoni,1,35.922237,-120.17971,2012-04-02T00:00:00,2,4,2012,HUMAN_OBSERVATION,EBIRD,GARZA,2017,48886.66,1045,San Joaquin
177394,Animalia,Chordata,Aves,Accipitriformes,Accipitridae,Haliaeetus,Haliaeetus leucocephalus,Haliaeetus leucocephalus,1,37.08305,-121.06041,2015-10-03T00:00:00,3,10,2015,HUMAN_OBSERVATION,EBIRD,ROMERO,2000,1706.85,873,San Joaquin
177907,Animalia,Chordata,Aves,Piciformes,Picidae,Colaptes,Colaptes chrysoides,Colaptes chrysoides,1,35.31624,-115.55262,2013-03-23T00:00:00,23,3,2013,HUMAN_OBSERVATION,EBIRD,DOME,2020,44211.08459,1109,Mojave
177970,Animalia,Chordata,Aves,Passeriformes,Icteridae,Agelaius,Agelaius tricolor,Agelaius tricolor,10,35.9561,-120.174,2009-04-04T00:00:00,4,4,2009,HUMAN_OBSERVATION,EBIRD,AVENAL,2008,945.3325,941,San Joaquin
178009,Animalia,Chordata,Aves,Accipitriformes,Accipitridae,Haliaeetus,Haliaeetus leucocephalus,Haliaeetus leucocephalus,1,37.062,-121.03,2019-01-03T00:00:00,3,1,2019,HUMAN_OBSERVATION,EBIRD,BASALT,2004,410.184,929,San Joaquin
178235,Animalia,Chordata,Aves,Passeriformes,Icteridae,Agelaius,Agelaius tricolor,Agelaius tricolor,4,37.44076,-121.30736,2016-05-15T00:00:00,15,5,2016,HUMAN_OBSERVATION,EBIRD,DEL PUERTO,2020,390647.2556,1112,San Joaquin
178277,Animalia,Chordata,Aves,Accipitriformes,Accipitridae,Buteo,Buteo swainsoni,Buteo swainsoni,20,34.968582,-118.94054,2019-06-16T00:00:00,16,6,2019,HUMAN_OBSERVATION,EBIRD,PARKWAY,2009,689.9021,946,San Joaquin
178672,Animalia,Chordata,Aves,Accipitriformes,Accipitridae,Buteo,Buteo swainsoni,Buteo swainsoni,4,34.318203,-117.4823,2016-04-15T00:00:00,15,4,2016,HUMAN_OBSERVATION,EBIRD,BLUE CUT,2016,36266.55,414,Mojave
178672,Animalia,Chordata,Aves,Accipitriformes,Accipitridae,Buteo,Buteo swainsoni,Buteo swainsoni,4,34.318203,-117.4823,2016-04-15T00:00:00,15,4,2016,HUMAN_OBSERVATION,EBIRD,LOUISIANA,2002,6564.211,518,Mojave
178979,Animalia,Chordata,Aves,Passeriformes,Icteridae,Agelaius,Agelaius tricolor,Agelaius tricolor,8,34.43565,-117.83632,2014-03-22T00:00:00,22,3,2014,HUMAN_OBSERVATION,EBIRD,BOBCAT,2020,115997.5701,1110,Mojave
179824,Animalia,Chordata,Aves,Piciformes,Picidae,Colaptes,Colaptes chrysoides,Colaptes chrysoides,1,35.31624,-115.55262,2018-02-09T00:00:00,9,2,2018,HUMAN_OBSERVATION,EBIRD,DOME,2020,44211.08459,1109,Mojave
179942,Animalia,Chordata,Aves,Piciformes,Picidae,Colaptes,Colaptes chrysoides,Colaptes chrysoides,1,35.26816,-115.52253,2010-06-01T00:00:00,1,6,2010,HUMAN_OBSERVATION,EBIRD,DOME,2020,44211.08459,1109,Mojave
180161,Animalia,Chordata,Aves,Piciformes,Picidae,Colaptes,Colaptes chrysoides,Colaptes chrysoides,1,35.31624,-115.55262,2010-04-11T00:00:00,11,4,2010,HUMAN_OBSERVATION,EBIRD,DOME,2020,44211.08459,1109,Mojave
180315,Animalia,Chordata,Aves,Accipitriformes,Cathartidae,Gymnogyps,Gymnogyps californianus,Gymnogyps californianus,4,34.92114,-119.407104,2012-02-03T00:00:00,3,2,2012,HUMAN_OBSERVATION,EBIRD,SCHOOL,2014,223.7788,1094,San Joaquin
181458,Animalia,Chordata,Aves,Passeriformes,Tyrannidae,Empidonax,Empidonax traillii,Empidonax traillii,1,35.832287,-116.2235,2019-05-27T00:00:00,27,5,2019,HUMAN_OBSERVATION,EBIRD,TECOPA,2010,105.7345,291,Mojave
182704,Animalia,Chordata,Aves,Passeriformes,Tyrannidae,Empidonax,Empidonax traillii,Empidonax traillii,3,34.322678,-117.45584,2011-05-16T00:00:00,16,5,2011,HUMAN_OBSERVATION,EBIRD,BLUE CUT,2016,36266.55,414,Mojave
182704,Animalia,Chordata,Aves,Passeriformes,Tyrannidae,Empidonax,Empidonax traillii,Empidonax traillii,3,34.322678,-117.45584,2011-05-16T00:00:00,16,5,2011,HUMAN_OBSERVATION,EBIRD,BLUE CUT,2002,6821.039,508,Mojave
182898,Animalia,Chordata,Aves,Accipitriformes,Accipitridae,Haliaeetus,Haliaeetus leucocephalus,Haliaeetus leucocephalus,1,37.062,-121.03,2020-12-01T00:00:00,1,12,2020,HUMAN_OBSERVATION,EBIRD,BASALT,2004,410.184,929,San Joaquin
183394,Animalia,Chordata,Aves,Piciformes,Picidae,Colaptes,Colaptes chrysoides,Colaptes chrysoides,1,35.26816,-115.52253,2010-06-01T00:00:00,1,6,2010,HUMAN_OBSERVATION,EBIRD,DOME,2020,44211.08459,1109,Mojave
183613,Animalia,Chordata,Aves,Piciformes,Picidae,Colaptes,Colaptes chrysoides,Colaptes chrysoides,2,35.26856,-115.52008,2017-03-18T00:00:00,18,3,2017,HUMAN_OBSERVATION,EBIRD,DOME,2020,44211.08459,1109,Mojave
184078,Animalia,Chordata,Aves,Passeriformes,Hirundinidae,Riparia,Riparia riparia,Riparia riparia,2,37.062,-121.03,2016-07-26T00:00:00,26,7,2016,HUMAN_OBSERVATION,EBIRD,BASALT,2004,410.184,929,San Joaquin
184413,Animalia,Chordata,Aves,Accipitriformes,Accipitridae,Buteo,Buteo swainsoni,Buteo swainsoni,2,37.062,-121.03,2017-07-26T00:00:00,26,7,2017,HUMAN_OBSERVATION,EBIRD,BASALT,2004,410.184,929,San Joaquin
185498,Animalia,Chordata,Aves,Piciformes,Picidae,Colaptes,Colaptes chrysoides,Colaptes chrysoides,1,35.268417,-115.52041,2016-04-23T00:00:00,23,4,2016,HUMAN_OBSERVATION,EBIRD,DOME,2020,44211.08459,1109,Mojave
185670,Animalia,Chordata,Aves,Passeriformes,Hirundinidae,Riparia,Riparia riparia,Riparia riparia,10,35.832287,-116.2235,2019-05-27T00:00:00,27,5,2019,HUMAN_OBSERVATION,EBIRD,TECOPA,2010,105.7345,291,Mojave
187430,Animalia,Chordata,Aves,Piciformes,Picidae,Colaptes,Colaptes chrysoides,Colaptes chrysoides,1,35.29244,-115.533394,2012-04-15T00:00:00,15,4,2012,HUMAN_OBSERVATION,EBIRD,DOME,2020,44211.08459,1109,Mojave
187452,Animalia,Chordata,Aves,Accipitriformes,Accipitridae,Buteo,Buteo swainsoni,Buteo swainsoni,1,35.31624,-115.55262,2010-05-22T00:00:00,22,5,2010,HUMAN_OBSERVATION,EBIRD,DOME,2020,44211.08459,1109,Mojave
187824,Animalia,Chordata,Aves,Piciformes,Picidae,Colaptes,Colaptes chrysoides,Colaptes chrysoides,1,35.25319,-115.51266,2000-07-04T00:00:00,4,7,2000,HUMAN_OBSERVATION,EBIRD,DOME,2020,44211.08459,1109,Mojave
188061,Animalia,Chordata,Aves,Accipitriformes,Accipitridae,Buteo,Buteo swainsoni,Buteo swainsoni,1,37.08305,-121.06041,2013-05-20T00:00:00,20,5,2013,HUMAN_OBSERVATION,EBIRD,ROMERO,2000,1706.85,873,San Joaquin
189071,Animalia,Chordata,Aves,Passeriformes,Tyrannidae,Empidonax,Empidonax traillii,Empidonax traillii,1,37.08305,-121.06041,2015-09-05T00:00:00,5,9,2015,HUMAN_OBSERVATION,EBIRD,ROMERO,2000,1706.85,873,San Joaquin
190588,Animalia,Chordata,Aves,Piciformes,Picidae,Melanerpes,Melanerpes uropygialis,Melanerpes uropygialis,1,32.727943,-114.718895,2010-02-06T00:00:00,6,2,2010,HUMAN_OBSERVATION,EBIRD,ALAMO,2016,136.4,360,Sonoran
192173,Animalia,Chordata,Aves,Accipitriformes,Accipitridae,Haliaeetus,Haliaeetus leucocephalus,Haliaeetus leucocephalus,3,34.30521,-117.31063,2010-01-23T00:00:00,23,1,2010,HUMAN_OBSERVATION,EBIRD,OLD,2003,91428,512,Mojave
192254,Animalia,Chordata,Aves,Accipitriformes,Accipitridae,Haliaeetus,Haliaeetus leucocephalus,Haliaeetus leucocephalus,1,37.08305,-121.06041,2015-06-01T00:00:00,1,6,2015,HUMAN_OBSERVATION,EBIRD,ROMERO,2000,1706.85,873,San Joaquin
192673,Animalia,Chordata,Aves,Piciformes,Picidae,Colaptes,Colaptes chrysoides,Colaptes chrysoides,2,35.31624,-115.55262,2012-03-19T00:00:00,19,3,2012,HUMAN_OBSERVATION,EBIRD,DOME,2020,44211.08459,1109,Mojave
192930,Animalia,Chordata,Aves,Piciformes,Picidae,Colaptes,Colaptes chrysoides,Colaptes chrysoides,1,35.25319,-115.51266,2011-06-06T00:00:00,6,6,2011,HUMAN_OBSERVATION,EBIRD,DOME,2020,44211.08459,1109,Mojave
194480,Animalia,Chordata,Aves,Accipitriformes,Accipitridae,Haliaeetus,Haliaeetus leucocephalus,Haliaeetus leucocephalus,3,37.08305,-121.06041,2015-12-03T00:00:00,3,12,2015,HUMAN_OBSERVATION,EBIRD,ROMERO,2000,1706.85,873,San Joaquin
199904,Animalia,Chordata,Reptilia,Testudines,Testudinidae,Gopherus,Gopherus agassizii,Gopherus agassizii,,35.155551,-115.458053,2020-05-10T17:44:00,10,5,2020,HUMAN_OBSERVATION,iNaturalist,HACKBERRY COMPLEX 1,2005,63771.3,565,Mojave
200431,Animalia,Chordata,Mammalia,Carnivora,Felidae,Puma,Puma concolor,Puma concolor,,33.139138,-116.445738,2018-10-13T09:05:55,13,10,2018,HUMAN_OBSERVATION,iNaturalist,STEWART,2012,10630.18,417,Sonoran
200551,Animalia,Chordata,Amphibia,Anura,Bufonidae,Anaxyrus,Anaxyrus californicus,Anaxyrus californicus,,34.350382,-117.265119,2019-07-11T22:13:52,11,7,2019,HUMAN_OBSERVATION,iNaturalist,LOS FLORES,2007,4099.966,73,Mojave
201050,Animalia,Chordata,Aves,Accipitriformes,Accipitridae,Buteo,Buteo swainsoni,Buteo swainsoni,1,35.9561,-120.174,2015-04-18T00:00:00,18,4,2015,HUMAN_OBSERVATION,EBIRD,AVENAL,2008,945.3325,941,San Joaquin
202261,Animalia,Chordata,Aves,Accipitriformes,Accipitridae,Haliaeetus,Haliaeetus leucocephalus,Haliaeetus leucocephalus,3,37.08305,-121.06041,2015-12-03T00:00:00,3,12,2015,HUMAN_OBSERVATION,EBIRD,ROMERO,2000,1706.85,873,San Joaquin
202507,Animalia,Chordata,Mammalia,Artiodactyla,Bovidae,Ovis,Ovis canadensis,Ovis canadensis nelsoni,,33.303021,-116.473271,2017-02-18T08:36:31,18,2,2017,HUMAN_OBSERVATION,iNaturalist,PINES,2002,61691.24,263,Sonoran
202507,Animalia,Chordata,Mammalia,Artiodactyla,Bovidae,Ovis,Ovis canadensis,Ovis canadensis nelsoni,,33.303021,-116.473271,2017-02-18T08:36:31,18,2,2017,HUMAN_OBSERVATION,iNaturalist,EAGLE,2011,13992.99,314,Sonoran
202604,Animalia,Chordata,Aves,Passeriformes,Icteridae,Agelaius,Agelaius tricolor,Agelaius tricolor,,34.740421,-118.4947,2015-03-17T10:15:01,17,3,2015,HUMAN_OBSERVATION,iNaturalist,LAKE,2020,30999.28856,1108,Mojave
205330,Animalia,Chordata,Mammalia,Rodentia,Sciuridae,Ammospermophilus,Ammospermophilus nelsoni,Ammospermophilus nelsoni,,35.113389,-119.797113,2021-05-24T09:09:00,24,5,2021,HUMAN_OBSERVATION,iNaturalist,WASH,2010,947.4305,1087,San Joaquin
205783,Animalia,Chordata,Mammalia,Rodentia,Sciuridae,Ammospermophilus,Ammospermophilus nelsoni,Ammospermophilus nelsoni,,35.067225,-119.898596,2013-04-06T00:00:00,6,4,2013,HUMAN_OBSERVATION,iNaturalist,COTTON,2010,2037.958,1092,San Joaquin
206390,Animalia,Chordata,Mammalia,Artiodactyla,Bovidae,Ovis,Ovis canadensis,Ovis canadensis nelsoni,,33.34308,-116.495112,2021-10-10T13:41:51,10,10,2021,HUMAN_OBSERVATION,iNaturalist,EAGLE,2011,13992.99,314,Sonoran
206507,Animalia,Chordata,Reptilia,Testudines,Testudinidae,Gopherus,Gopherus agassizii,Gopherus agassizii,,35.080153,-115.475297,2010-04-10T10:20:00,10,4,2010,HUMAN_OBSERVATION,iNaturalist,HACKBERRY COMPLEX 1,2005,63771.3,565,Mojave
207780,Animalia,Chordata,Aves,Accipitriformes,Accipitridae,Buteo,Buteo swainsoni,Buteo swainsoni,,33.499592,-115.823739,2021-05-21T08:32:00,21,5,2021,HUMAN_OBSERVATION,iNaturalist,DOS PALMAS,2008,456.4143,283,Sonoran
208014,Animalia,Chordata,Reptilia,Testudines,Testudinidae,Gopherus,Gopherus agassizii,Gopherus agassizii,,35.043515,-115.499763,2015-10-06T20:47:00,6,10,2015,HUMAN_OBSERVATION,iNaturalist,HACKBERRY COMPLEX 1,2005,63771.3,565,Mojave
209357,Animalia,Chordata,Reptilia,Squamata,Phrynosomatidae,Uma,Uma inornata,Uma inornata,,33.999004,-116.572821,2020-02-21T14:17:00,21,2,2020,HUMAN_OBSERVATION,iNaturalist,INDIAN 2,2005,188.7452,78,Sonoran
210006,Animalia,Chordata,Aves,Passeriformes,Icteridae,Agelaius,Agelaius tricolor,Agelaius tricolor,,34.767524,-118.556457,2015-03-14T14:07:13,14,3,2015,HUMAN_OBSERVATION,iNaturalist,RANGE,2011,241.0146,311,Mojave
210371,Animalia,Arthropoda,Insecta,Lepidoptera,Nymphalidae,Danaus,Danaus plexippus,Danaus plexippus,,35.124617,-115.430253,2019-10-13T16:43:00,13,10,2019,HUMAN_OBSERVATION,iNaturalist,HACKBERRY COMPLEX 1,2005,63771.3,565,Mojave
210439,Animalia,Chordata,Aves,Passeriformes,Tyrannidae,Empidonax,Empidonax traillii,Empidonax traillii,,34.047775,-116.56721,2020-10-03T09:39:00,3,10,2020,HUMAN_OBSERVATION,iNaturalist,PARADISE,2005,3081.726,271,Mojave
210592,Animalia,Chordata,Mammalia,Carnivora,Felidae,Puma,Puma concolor,Puma concolor,,33.154915,-116.48178,2017-12-02T11:57:57,2,12,2017,HUMAN_OBSERVATION,iNaturalist,STEWART,2012,10630.18,417,Sonoran
210773,Animalia,Chordata,Reptilia,Squamata,Phrynosomatidae,Uma,Uma inornata,Uma inornata,,33.864115,-116.596677,2019-05-02T02:31:00,2,5,2019,HUMAN_OBSERVATION,iNaturalist,WINDY POINT,2011,541.494,410,Sonoran
210997,Animalia,Chordata,Mammalia,Artiodactyla,Bovidae,Ovis,Ovis canadensis,Ovis canadensis nelsoni,,33.343826,-116.505214,2020-09-05T11:35:00,5,9,2020,HUMAN_OBSERVATION,iNaturalist,EAGLE,2011,13992.99,314,Sonoran
211156,Animalia,Chordata,Mammalia,Carnivora,Felidae,Puma,Puma concolor,Puma concolor,,33.153343,-116.47808,2019-11-05T08:30:08,5,11,2019,HUMAN_OBSERVATION,iNaturalist,STEWART,2012,10630.18,417,Sonoran
211701,Animalia,Chordata,Aves,Accipitriformes,Accipitridae,Haliaeetus,Haliaeetus leucocephalus,Haliaeetus leucocephalus,1,37.08305,-121.06041,2016-09-25T00:00:00,25,9,2016,HUMAN_OBSERVATION,EBIRD,ROMERO,2000,1706.85,873,San Joaquin
211782,Animalia,Chordata,Aves,Accipitriformes,Accipitridae,Haliaeetus,Haliaeetus leucocephalus,Haliaeetus leucocephalus,1,37.44076,-121.30736,2018-05-02T00:00:00,2,5,2018,HUMAN_OBSERVATION,EBIRD,DEL PUERTO,2020,390647.2556,1112,San Joaquin
211862,Animalia,Chordata,Aves,Piciformes,Picidae,Colaptes,Colaptes chrysoides,Colaptes chrysoides,2,35.277576,-115.60192,2017-04-15T00:00:00,15,4,2017,HUMAN_OBSERVATION,EBIRD,DOME,2020,44211.08459,1109,Mojave
212563,Animalia,Chordata,Aves,Piciformes,Picidae,Colaptes,Colaptes chrysoides,Colaptes chrysoides,1,35.31624,-115.55262,2014-05-17T00:00:00,17,5,2014,HUMAN_OBSERVATION,EBIRD,DOME,2020,44211.08459,1109,Mojave
212728,Animalia,Chordata,Mammalia,Carnivora,Felidae,Puma,Puma concolor,Puma concolor,,33.165916,-116.576292,2021-10-15T22:22:00,15,10,2021,HUMAN_OBSERVATION,iNaturalist,PINES,2002,61691.24,263,Sonoran
213417,Animalia,Chordata,Aves,Piciformes,Picidae,Colaptes,Colaptes chrysoides,Colaptes chrysoides,2,35.31624,-115.55262,2012-04-07T00:00:00,7,4,2012,HUMAN_OBSERVATION,EBIRD,DOME,2020,44211.08459,1109,Mojave
214612,Animalia,Chordata,Aves,Accipitriformes,Accipitridae,Haliaeetus,Haliaeetus leucocephalus,Haliaeetus leucocephalus,2,37.169483,-121.15877,2015-11-26T00:00:00,26,11,2015,HUMAN_OBSERVATION,EBIRD,MCCABE,2015,1728.974,997,San Joaquin
214612,Animalia,Chordata,Aves,Accipitriformes,Accipitridae,Haliaeetus,Haliaeetus leucocephalus,Haliaeetus leucocephalus,2,37.169483,-121.15877,2015-11-26T00:00:00,26,11,2015,HUMAN_OBSERVATION,EBIRD,DEL PUERTO,2020,390647.2556,1112,San Joaquin
214822,Animalia,Chordata,Mammalia,Artiodactyla,Bovidae,Ovis,Ovis canadensis,Ovis canadensis nelsoni,,33.235004,-116.451327,2014-11-29T00:00:00,29,11,2014,HUMAN_OBSERVATION,iNaturalist,PINES,2002,61691.24,263,Sonoran
214949,Animalia,Chordata,Mammalia,Carnivora,Felidae,Puma,Puma concolor,Puma concolor,,33.134718,-116.546407,2021-11-18T09:25:52,18,11,2021,HUMAN_OBSERVATION,iNaturalist,FELIPE,2013,2780.291,335,Sonoran
215445,Animalia,Chordata,Aves,Piciformes,Picidae,Colaptes,Colaptes chrysoides,Colaptes chrysoides,1,35.25319,-115.51266,2019-05-19T00:00:00,19,5,2019,HUMAN_OBSERVATION,EBIRD,DOME,2020,44211.08459,1109,Mojave
215573,Animalia,Chordata,Aves,Passeriformes,Icteridae,Agelaius,Agelaius tricolor,Agelaius tricolor,800,34.71742,-118.42824,2010-04-25T00:00:00,25,4,2010,HUMAN_OBSERVATION,EBIRD,POWERHOUSE,2013,30267.57,418,Mojave
218574,Animalia,Chordata,Aves,Accipitriformes,Accipitridae,Haliaeetus,Haliaeetus leucocephalus,Haliaeetus leucocephalus,1,37.062,-121.03,2020-12-01T00:00:00,1,12,2020,HUMAN_OBSERVATION,EBIRD,BASALT,2004,410.184,929,San Joaquin
218834,Animalia,Chordata,Aves,Accipitriformes,Accipitridae,Haliaeetus,Haliaeetus leucocephalus,Haliaeetus leucocephalus,1,37.062,-121.03,2010-12-06T00:00:00,6,12,2010,HUMAN_OBSERVATION,EBIRD,BASALT,2004,410.184,929,San Joaquin
219113,Animalia,Chordata,Aves,Piciformes,Picidae,Colaptes,Colaptes chrysoides,Colaptes chrysoides,1,35.31624,-115.55262,2017-11-13T00:00:00,13,11,2017,HUMAN_OBSERVATION,EBIRD,DOME,2020,44211.08459,1109,Mojave
219431,Animalia,Chordata,Aves,Piciformes,Picidae,Colaptes,Colaptes chrysoides,Colaptes chrysoides,2,35.25319,-115.51266,2017-04-01T00:00:00,1,4,2017,HUMAN_OBSERVATION,EBIRD,DOME,2020,44211.08459,1109,Mojave
220043,Animalia,Chordata,Aves,Passeriformes,Tyrannidae,Empidonax,Empidonax traillii,Empidonax traillii,1,33.11509,-116.44083,2018-05-14T00:00:00,14,5,2018,HUMAN_OBSERVATION,EBIRD,NARROWS,2010,49.86191,296,Sonoran
220243,Animalia,Chordata,Aves,Piciformes,Picidae,Colaptes,Colaptes chrysoides,Colaptes chrysoides,1,35.277576,-115.60192,2017-04-02T00:00:00,2,4,2017,HUMAN_OBSERVATION,EBIRD,DOME,2020,44211.08459,1109,Mojave
220289,Animalia,Chordata,Aves,Accipitriformes,Accipitridae,Haliaeetus,Haliaeetus leucocephalus,Haliaeetus leucocephalus,2,37.08305,-121.06041,2014-12-07T00:00:00,7,12,2014,HUMAN_OBSERVATION,EBIRD,ROMERO,2000,1706.85,873,San Joaquin
220303,Animalia,Chordata,Aves,Passeriformes,Tyrannidae,Empidonax,Empidonax traillii,Empidonax traillii,3,35.025692,-119.58132,2014-05-23T00:00:00,23,5,2014,HUMAN_OBSERVATION,EBIRD,SODA,2016,2000.281,1086,San Joaquin
221193,Animalia,Chordata,Aves,Passeriformes,Tyrannidae,Empidonax,Empidonax traillii,Empidonax traillii,1,35.31624,-115.55262,2019-05-11T00:00:00,11,5,2019,HUMAN_OBSERVATION,EBIRD,DOME,2020,44211.08459,1109,Mojave
221951,Animalia,Chordata,Aves,Passeriformes,Icteridae,Agelaius,Agelaius tricolor,Agelaius tricolor,2,35.9561,-120.174,2010-04-22T00:00:00,22,4,2010,HUMAN_OBSERVATION,EBIRD,AVENAL,2008,945.3325,941,San Joaquin
221985,Animalia,Chordata,Aves,Accipitriformes,Accipitridae,Haliaeetus,Haliaeetus leucocephalus,Haliaeetus leucocephalus,1,34.92114,-119.407104,2012-02-03T00:00:00,3,2,2012,HUMAN_OBSERVATION,EBIRD,SCHOOL,2014,223.7788,1094,San Joaquin
222869,Animalia,Chordata,Aves,Accipitriformes,Accipitridae,Haliaeetus,Haliaeetus leucocephalus,Haliaeetus leucocephalus,1,37.062,-121.03,2016-01-29T00:00:00,29,1,2016,HUMAN_OBSERVATION,EBIRD,BASALT,2004,410.184,929,San Joaquin
223170,Animalia,Chordata,Aves,Accipitriformes,Accipitridae,Haliaeetus,Haliaeetus leucocephalus,Haliaeetus leucocephalus,1,37.441776,-121.30011,2014-06-06T00:00:00,6,6,2014,HUMAN_OBSERVATION,EBIRD,DEL PUERTO,2020,390647.2556,1112,San Joaquin
225452,Animalia,Chordata,Aves,Piciformes,Picidae,Colaptes,Colaptes chrysoides,Colaptes chrysoides,2,35.25319,-115.51266,2019-06-30T00:00:00,30,6,2019,HUMAN_OBSERVATION,EBIRD,DOME,2020,44211.08459,1109,Mojave
225848,Animalia,Chordata,Aves,Accipitriformes,Accipitridae,Buteo,Buteo swainsoni,Buteo swainsoni,2,34.044693,-116.58022,2012-04-15T00:00:00,15,4,2012,HUMAN_OBSERVATION,EBIRD,PARADISE,2005,3081.726,271,Mojave
226062,Animalia,Chordata,Aves,Accipitriformes,Accipitridae,Buteo,Buteo swainsoni,Buteo swainsoni,2,37.08305,-121.06041,2016-02-27T00:00:00,27,2,2016,HUMAN_OBSERVATION,EBIRD,ROMERO,2000,1706.85,873,San Joaquin
227471,Animalia,Chordata,Aves,Piciformes,Picidae,Colaptes,Colaptes chrysoides,Colaptes chrysoides,2,35.268375,-115.51991,2016-04-29T00:00:00,29,4,2016,HUMAN_OBSERVATION,EBIRD,DOME,2020,44211.08459,1109,Mojave
227476,Animalia,Chordata,Aves,Accipitriformes,Accipitridae,Buteo,Buteo swainsoni,Buteo swainsoni,1,37.062,-121.03,2016-01-30T00:00:00,30,1,2016,HUMAN_OBSERVATION,EBIRD,BASALT,2004,410.184,929,San Joaquin
227780,Animalia,Chordata,Aves,Passeriformes,Icteridae,Agelaius,Agelaius tricolor,Agelaius tricolor,2,34.894554,-119.504425,2015-12-27T00:00:00,27,12,2015,HUMAN_OBSERVATION,EBIRD,HWY166,2004,65.16033,856,San Joaquin
228212,Animalia,Chordata,Aves,Accipitriformes,Accipitridae,Haliaeetus,Haliaeetus leucocephalus,Haliaeetus leucocephalus,1,37.07799,-121.059135,2019-09-07T00:00:00,7,9,2019,HUMAN_OBSERVATION,EBIRD,ROMERO,2000,1706.85,873,San Joaquin
228212,Animalia,Chordata,Aves,Accipitriformes,Accipitridae,Haliaeetus,Haliaeetus leucocephalus,Haliaeetus leucocephalus,1,37.07799,-121.059135,2019-09-07T00:00:00,7,9,2019,HUMAN_OBSERVATION,EBIRD,ROMERO,2008,766.0438,938,San Joaquin
228409,Animalia,Chordata,Aves,Piciformes,Picidae,Colaptes,Colaptes chrysoides,Colaptes chrysoides,2,35.25319,-115.51266,2020-06-13T00:00:00,13,6,2020,HUMAN_OBSERVATION,EBIRD,DOME,2020,44211.08459,1109,Mojave
228568,Animalia,Chordata,Aves,Accipitriformes,Accipitridae,Buteo,Buteo swainsoni,Buteo swainsoni,1,34.044693,-116.58022,2016-03-23T00:00:00,23,3,2016,HUMAN_OBSERVATION,EBIRD,PARADISE,2005,3081.726,271,Mojave
228951,Animalia,Chordata,Aves,Piciformes,Picidae,Colaptes,Colaptes chrysoides,Colaptes chrysoides,3,35.243885,-115.50702,2019-06-25T00:00:00,25,6,2019,HUMAN_OBSERVATION,EBIRD,DOME,2020,44211.08459,1109,Mojave
229261,Animalia,Chordata,Aves,Accipitriformes,Accipitridae,Haliaeetus,Haliaeetus leucocephalus,Haliaeetus leucocephalus,1,34.734142,-114.513596,2020-03-18T00:00:00,18,3,2020,HUMAN_OBSERVATION,EBIRD,TOPOCK,2016,2228.4,358,Mojave
229448,Animalia,Chordata,Aves,Piciformes,Picidae,Colaptes,Colaptes chrysoides,Colaptes chrysoides,1,35.31624,-115.55262,2014-03-24T00:00:00,24,3,2014,HUMAN_OBSERVATION,EBIRD,DOME,2020,44211.08459,1109,Mojave
229964,Animalia,Chordata,Aves,Accipitriformes,Accipitridae,Buteo,Buteo swainsoni,Buteo swainsoni,1,37.08305,-121.06041,2013-05-20T00:00:00,20,5,2013,HUMAN_OBSERVATION,EBIRD,ROMERO,2000,1706.85,873,San Joaquin
230581,Animalia,Chordata,Aves,Piciformes,Picidae,Colaptes,Colaptes chrysoides,Colaptes chrysoides,1,35.31624,-115.55262,2013-04-07T00:00:00,7,4,2013,HUMAN_OBSERVATION,EBIRD,DOME,2020,44211.08459,1109,Mojave
232535,Animalia,Chordata,Aves,Piciformes,Picidae,Colaptes,Colaptes chrysoides,Colaptes chrysoides,1,35.163403,-115.43697,2020-06-13T00:00:00,13,6,2020,HUMAN_OBSERVATION,EBIRD,HACKBERRY COMPLEX 1,2005,63771.3,565,Mojave
232751,Animalia,Chordata,Aves,Passeriformes,Icteridae,Agelaius,Agelaius tricolor,Agelaius tricolor,,37.062,-121.03,2009-01-06T00:00:00,6,1,2009,HUMAN_OBSERVATION,EBIRD,BASALT,2004,410.184,929,San Joaquin
232761,Animalia,Chordata,Aves,Passeriformes,Tyrannidae,Empidonax,Empidonax traillii,Empidonax traillii,,36.688896,-118.08964,2002-06-11T00:00:00,11,6,2002,HUMAN_OBSERVATION,EBIRD,MOFFAT,2018,1253.925,351,Mojave
232824,Animalia,Chordata,Aves,Piciformes,Picidae,Colaptes,Colaptes chrysoides,Colaptes chrysoides,2,35.25319,-115.51266,2020-06-02T00:00:00,2,6,2020,HUMAN_OBSERVATION,EBIRD,DOME,2020,44211.08459,1109,Mojave
233799,Animalia,Chordata,Aves,Piciformes,Picidae,Colaptes,Colaptes chrysoides,Colaptes chrysoides,3,35.25319,-115.51266,2019-05-26T00:00:00,26,5,2019,HUMAN_OBSERVATION,EBIRD,DOME,2020,44211.08459,1109,Mojave
235396,Animalia,Chordata,Aves,Passeriformes,Tyrannidae,Empidonax,Empidonax traillii,Empidonax traillii,1,33.226517,-116.46194,2003-05-31T00:00:00,31,5,2003,HUMAN_OBSERVATION,EBIRD,PINES,2002,61691.24,263,Sonoran
236038,Animalia,Chordata,Aves,Accipitriformes,Accipitridae,Haliaeetus,Haliaeetus leucocephalus,Haliaeetus leucocephalus,1,37.08305,-121.06041,2015-12-03T00:00:00,3,12,2015,HUMAN_OBSERVATION,EBIRD,ROMERO,2000,1706.85,873,San Joaquin
236105,Animalia,Chordata,Aves,Piciformes,Picidae,Colaptes,Colaptes chrysoides,Colaptes chrysoides,1,35.269314,-115.523964,2019-05-18T00:00:00,18,5,2019,HUMAN_OBSERVATION,EBIRD,DOME,2020,44211.08459,1109,Mojave
236180,Animalia,Chordata,Aves,Passeriformes,Icteridae,Agelaius,Agelaius tricolor,Agelaius tricolor,10,34.318535,-117.38007,2010-03-22T00:00:00,22,3,2010,HUMAN_OBSERVATION,EBIRD,OLD,2003,91428,512,Mojave
236229,Animalia,Chordata,Aves,Accipitriformes,Accipitridae,Haliaeetus,Haliaeetus leucocephalus,Haliaeetus leucocephalus,1,37.169483,-121.15877,2019-06-19T00:00:00,19,6,2019,HUMAN_OBSERVATION,EBIRD,MCCABE,2015,1728.974,997,San Joaquin
236229,Animalia,Chordata,Aves,Accipitriformes,Accipitridae,Haliaeetus,Haliaeetus leucocephalus,Haliaeetus leucocephalus,1,37.169483,-121.15877,2019-06-19T00:00:00,19,6,2019,HUMAN_OBSERVATION,EBIRD,DEL PUERTO,2020,390647.2556,1112,San Joaquin
238446,Animalia,Chordata,Aves,Passeriformes,Tyrannidae,Empidonax,Empidonax traillii,Empidonax traillii,1,35.832287,-116.2235,2017-05-27T00:00:00,27,5,2017,HUMAN_OBSERVATION,EBIRD,TECOPA,2010,105.7345,291,Mojave
238672,Animalia,Chordata,Aves,Passeriformes,Icteridae,Agelaius,Agelaius tricolor,Agelaius tricolor,8,34.318535,-117.38007,2010-04-21T00:00:00,21,4,2010,HUMAN_OBSERVATION,EBIRD,OLD,2003,91428,512,Mojave
238890,Animalia,Chordata,Aves,Passeriformes,Tyrannidae,Empidonax,Empidonax traillii,Empidonax traillii,,34.44599,-117.85463,2012-05-26T00:00:00,26,5,2012,HUMAN_OBSERVATION,EBIRD,BOBCAT,2020,115997.5701,1110,Mojave
239680,Animalia,Chordata,Aves,Accipitriformes,Accipitridae,Haliaeetus,Haliaeetus leucocephalus,Haliaeetus leucocephalus,1,36.535694,-120.82764,2016-03-12T00:00:00,12,3,2016,HUMAN_OBSERVATION,EBIRD,NEW IDRIA,2003,632.0136,911,San Joaquin
239709,Animalia,Chordata,Aves,Piciformes,Picidae,Colaptes,Colaptes chrysoides,Colaptes chrysoides,3,35.25319,-115.51266,2019-05-26T00:00:00,26,5,2019,HUMAN_OBSERVATION,EBIRD,DOME,2020,44211.08459,1109,Mojave
240733,Animalia,Chordata,Aves,Piciformes,Picidae,Colaptes,Colaptes chrysoides,Colaptes chrysoides,2,35.26856,-115.52008,2017-03-18T00:00:00,18,3,2017,HUMAN_OBSERVATION,EBIRD,DOME,2020,44211.08459,1109,Mojave
240871,Animalia,Chordata,Aves,Accipitriformes,Accipitridae,Haliaeetus,Haliaeetus leucocephalus,Haliaeetus leucocephalus,1,37.07799,-121.059135,2019-09-07T00:00:00,7,9,2019,HUMAN_OBSERVATION,EBIRD,ROMERO,2000,1706.85,873,San Joaquin
240871,Animalia,Chordata,Aves,Accipitriformes,Accipitridae,Haliaeetus,Haliaeetus leucocephalus,Haliaeetus leucocephalus,1,37.07799,-121.059135,2019-09-07T00:00:00,7,9,2019,HUMAN_OBSERVATION,EBIRD,ROMERO,2008,766.0438,938,San Joaquin
242783,Animalia,Chordata,Aves,Passeriformes,Tyrannidae,Empidonax,Empidonax traillii,Empidonax traillii,3,35.825462,-120.28292,2017-05-20T00:00:00,20,5,2017,HUMAN_OBSERVATION,EBIRD,TURKEY,2012,2530.048,975,San Joaquin
242864,Animalia,Chordata,Aves,Accipitriformes,Accipitridae,Haliaeetus,Haliaeetus leucocephalus,Haliaeetus leucocephalus,1,37.08305,-121.06041,2019-10-28T00:00:00,28,10,2019,HUMAN_OBSERVATION,EBIRD,ROMERO,2000,1706.85,873,San Joaquin
243307,Animalia,Chordata,Aves,Passeriformes,Icteridae,Agelaius,Agelaius tricolor,Agelaius tricolor,,37.08305,-121.06041,2011-03-05T00:00:00,5,3,2011,HUMAN_OBSERVATION,EBIRD,ROMERO,2000,1706.85,873,San Joaquin
243352,Animalia,Chordata,Aves,Passeriformes,Hirundinidae,Riparia,Riparia riparia,Riparia riparia,2,34.309288,-117.29355,2016-05-14T00:00:00,14,5,2016,HUMAN_OBSERVATION,EBIRD,PILOT,2016,8110.823,409,Mojave
243776,Animalia,Chordata,Aves,Piciformes,Picidae,Colaptes,Colaptes chrysoides,Colaptes chrysoides,1,35.268417,-115.52041,2016-04-23T00:00:00,23,4,2016,HUMAN_OBSERVATION,EBIRD,DOME,2020,44211.08459,1109,Mojave
244375,Animalia,Chordata,Aves,Passeriformes,Tyrannidae,Empidonax,Empidonax traillii,Empidonax traillii,,35.832287,-116.2235,2007-05-19T00:00:00,19,5,2007,HUMAN_OBSERVATION,EBIRD,TECOPA,2010,105.7345,291,Mojave
245951,Animalia,Chordata,Aves,Accipitriformes,Accipitridae,Haliaeetus,Haliaeetus leucocephalus,Haliaeetus leucocephalus,1,37.07799,-121.059135,2019-09-07T00:00:00,7,9,2019,HUMAN_OBSERVATION,EBIRD,ROMERO,2000,1706.85,873,San Joaquin
245951,Animalia,Chordata,Aves,Accipitriformes,Accipitridae,Haliaeetus,Haliaeetus leucocephalus,Haliaeetus leucocephalus,1,37.07799,-121.059135,2019-09-07T00:00:00,7,9,2019,HUMAN_OBSERVATION,EBIRD,ROMERO,2008,766.0438,938,San Joaquin
246497,Animalia,Chordata,Aves,Accipitriformes,Accipitridae,Buteo,Buteo swainsoni,Buteo swainsoni,1,35.131176,-115.43524,2014-04-05T00:00:00,5,4,2014,HUMAN_OBSERVATION,EBIRD,HACKBERRY COMPLEX 1,2005,63771.3,565,Mojave
246831,Animalia,Chordata,Aves,Piciformes,Picidae,Colaptes,Colaptes chrysoides,Colaptes chrysoides,1,35.31624,-115.55262,2010-05-22T00:00:00,22,5,2010,HUMAN_OBSERVATION,EBIRD,DOME,2020,44211.08459,1109,Mojave
246886,Animalia,Chordata,Aves,Piciformes,Picidae,Colaptes,Colaptes chrysoides,Colaptes chrysoides,2,35.25319,-115.51266,2019-06-25T00:00:00,25,6,2019,HUMAN_OBSERVATION,EBIRD,DOME,2020,44211.08459,1109,Mojave
248160,Animalia,Chordata,Aves,Passeriformes,Tyrannidae,Empidonax,Empidonax traillii,Empidonax traillii,1,36.68119,-118.0907,2007-08-23T00:00:00,23,8,2007,HUMAN_OBSERVATION,EBIRD,MOFFAT,2018,1253.925,351,Mojave
248245,Animalia,Chordata,Aves,Accipitriformes,Accipitridae,Buteo,Buteo swainsoni,Buteo swainsoni,2,37.08305,-121.06041,2016-04-30T00:00:00,30,4,2016,HUMAN_OBSERVATION,EBIRD,ROMERO,2000,1706.85,873,San Joaquin
248351,Animalia,Chordata,Aves,Passeriformes,Tyrannidae,Empidonax,Empidonax traillii,Empidonax traillii,1,33.226517,-116.46194,2004-06-05T00:00:00,5,6,2004,HUMAN_OBSERVATION,EBIRD,PINES,2002,61691.24,263,Sonoran
248537,Animalia,Chordata,Aves,Accipitriformes,Accipitridae,Buteo,Buteo swainsoni,Buteo swainsoni,1,35.31624,-115.55262,2010-05-22T00:00:00,22,5,2010,HUMAN_OBSERVATION,EBIRD,DOME,2020,44211.08459,1109,Mojave
250709,Animalia,Chordata,Aves,Piciformes,Picidae,Colaptes,Colaptes chrysoides,Colaptes chrysoides,1,35.26816,-115.52253,2013-08-08T00:00:00,8,8,2013,HUMAN_OBSERVATION,EBIRD,DOME,2020,44211.08459,1109,Mojave
250711,Animalia,Chordata,Aves,Piciformes,Picidae,Colaptes,Colaptes chrysoides,Colaptes chrysoides,2,35.25319,-115.51266,2019-06-07T00:00:00,7,6,2019,HUMAN_OBSERVATION,EBIRD,DOME,2020,44211.08459,1109,Mojave
251005,Animalia,Chordata,Aves,Accipitriformes,Accipitridae,Haliaeetus,Haliaeetus leucocephalus,Haliaeetus leucocephalus,1,37.08305,-121.06041,2015-12-02T00:00:00,2,12,2015,HUMAN_OBSERVATION,EBIRD,ROMERO,2000,1706.85,873,San Joaquin
251511,Animalia,Chordata,Aves,Passeriformes,Tyrannidae,Empidonax,Empidonax traillii,Empidonax traillii,1,33.11509,-116.44083,2018-06-01T00:00:00,1,6,2018,HUMAN_OBSERVATION,EBIRD,NARROWS,2010,49.86191,296,Sonoran
251928,Animalia,Chordata,Aves,Passeriformes,Icteridae,Agelaius,Agelaius tricolor,Agelaius tricolor,1,34.47154,-117.898926,2019-05-24T00:00:00,24,5,2019,HUMAN_OBSERVATION,EBIRD,BOBCAT,2020,115997.5701,1110,Mojave
252596,Animalia,Chordata,Aves,Accipitriformes,Accipitridae,Haliaeetus,Haliaeetus leucocephalus,Haliaeetus leucocephalus,1,37.08305,-121.06041,2019-09-07T00:00:00,7,9,2019,HUMAN_OBSERVATION,EBIRD,ROMERO,2000,1706.85,873,San Joaquin
253010,Animalia,Chordata,Aves,Piciformes,Picidae,Colaptes,Colaptes chrysoides,Colaptes chrysoides,1,35.25319,-115.51266,2012-09-14T00:00:00,14,9,2012,HUMAN_OBSERVATION,EBIRD,DOME,2020,44211.08459,1109,Mojave
253748,Animalia,Chordata,Aves,Accipitriformes,Accipitridae,Haliaeetus,Haliaeetus leucocephalus,Haliaeetus leucocephalus,2,37.062,-121.03,2020-12-01T00:00:00,1,12,2020,HUMAN_OBSERVATION,EBIRD,BASALT,2004,410.184,929,San Joaquin
293758,Animalia,Chordata,Mammalia,Artiodactyla,Bovidae,Ovis,Ovis canadensis,Ovis canadensis nelsoni,,33.239381,-116.453499,2014-04-27T00:00:00,27,4,2014,HUMAN_OBSERVATION,iNaturalist,PINES,2002,61691.24,263,Sonoran
293855,Animalia,Chordata,Reptilia,Testudines,Testudinidae,Gopherus,Gopherus agassizii,Gopherus agassizii,,35.040239,-115.445679,2010-04-17T17:41:00,17,4,2010,HUMAN_OBSERVATION,iNaturalist,HACKBERRY COMPLEX 1,2005,63771.3,565,Mojave
295940,Animalia,Chordata,Aves,Accipitriformes,Accipitridae,Haliaeetus,Haliaeetus leucocephalus,Haliaeetus leucocephalus,1,37.10022,-121.13317,2016-01-30T00:00:00,30,1,2016,HUMAN_OBSERVATION,EBIRD,COTTONWOOD2,2008,796.5697,939,San Joaquin
296156,Animalia,Chordata,Aves,Passeriformes,Icteridae,Agelaius,Agelaius tricolor,Agelaius tricolor,,37.425191,-121.241922,2021-04-03T10:30:00,3,4,2021,HUMAN_OBSERVATION,iNaturalist,DEL PUERTO,2020,390647.2556,1112,San Joaquin
296683,Animalia,Chordata,Aves,Accipitriformes,Accipitridae,Haliaeetus,Haliaeetus leucocephalus,Haliaeetus leucocephalus,1,37.062,-121.03,2016-01-29T00:00:00,29,1,2016,HUMAN_OBSERVATION,EBIRD,BASALT,2004,410.184,929,San Joaquin
296792,Animalia,Chordata,Aves,Piciformes,Picidae,Colaptes,Colaptes chrysoides,Colaptes chrysoides,1,35.31624,-115.55262,2016-04-29T00:00:00,29,4,2016,HUMAN_OBSERVATION,EBIRD,DOME,2020,44211.08459,1109,Mojave
296857,Animalia,Chordata,Aves,Piciformes,Picidae,Colaptes,Colaptes chrysoides,Colaptes chrysoides,1,35.31624,-115.55262,2012-09-22T00:00:00,22,9,2012,HUMAN_OBSERVATION,EBIRD,DOME,2020,44211.08459,1109,Mojave
297075,Animalia,Chordata,Mammalia,Artiodactyla,Bovidae,Ovis,Ovis canadensis,Ovis canadensis nelsoni,,33.339504,-116.4592,2019-02-10T09:36:00,10,2,2019,HUMAN_OBSERVATION,iNaturalist,EAGLE,2011,13992.99,314,Sonoran
297126,Animalia,Chordata,Mammalia,Artiodactyla,Bovidae,Ovis,Ovis canadensis,Ovis canadensis nelsoni,,33.71988,-116.555203,2020-12-22T08:35:00,22,12,2020,HUMAN_OBSERVATION,iNaturalist,MOUNTAIN,2013,27523.67,331,Sonoran
297628,Animalia,Chordata,Reptilia,Testudines,Testudinidae,Gopherus,Gopherus agassizii,Gopherus agassizii,,33.937689,-116.647241,2021-03-07T13:24:00,7,3,2021,HUMAN_OBSERVATION,iNaturalist,VIEW,2012,376.1476,400,Sonoran
297717,Animalia,Chordata,Aves,Piciformes,Picidae,Colaptes,Colaptes chrysoides,Colaptes chrysoides,1,35.34181,-115.56292,2017-04-22T00:00:00,22,4,2017,HUMAN_OBSERVATION,EBIRD,DOME,2020,44211.08459,1109,Mojave
297939,Animalia,Chordata,Mammalia,Carnivora,Felidae,Puma,Puma concolor,Puma concolor,,33.154898,-116.482965,2019-05-12T11:38:23,12,5,2019,HUMAN_OBSERVATION,iNaturalist,STEWART,2012,10630.18,417,Sonoran
298190,Animalia,Chordata,Aves,Piciformes,Picidae,Colaptes,Colaptes chrysoides,Colaptes chrysoides,2,35.25319,-115.51266,2019-06-07T00:00:00,7,6,2019,HUMAN_OBSERVATION,EBIRD,DOME,2020,44211.08459,1109,Mojave
298641,Animalia,Chordata,Aves,Passeriformes,Tyrannidae,Empidonax,Empidonax traillii,Empidonax traillii,1,34.32205,-117.45919,2001-06-02T00:00:00,2,6,2001,HUMAN_OBSERVATION,EBIRD,BLUE CUT,2016,36266.55,414,Mojave
298641,Animalia,Chordata,Aves,Passeriformes,Tyrannidae,Empidonax,Empidonax traillii,Empidonax traillii,1,34.32205,-117.45919,2001-06-02T00:00:00,2,6,2001,HUMAN_OBSERVATION,EBIRD,BLUE CUT,2002,6821.039,508,Mojave
299217,Animalia,Chordata,Aves,Accipitriformes,Accipitridae,Buteo,Buteo swainsoni,Buteo swainsoni,1,37.062,-121.03,2009-06-23T00:00:00,23,6,2009,HUMAN_OBSERVATION,EBIRD,BASALT,2004,410.184,929,San Joaquin
300779,Animalia,Chordata,Reptilia,Squamata,Phrynosomatidae,Uma,Uma inornata,Uma inornata,,33.83464,-116.610386,2004-04-23T00:00:00,23,4,2004,HUMAN_OBSERVATION,iNaturalist,TRAM,2013,59.22004,531,Sonoran
301020,Animalia,Chordata,Mammalia,Carnivora,Felidae,Puma,Puma concolor,Puma concolor,,33.139342,-116.444997,2018-10-13T09:19:55,13,10,2018,HUMAN_OBSERVATION,iNaturalist,STEWART,2012,10630.18,417,Sonoran
