obsID,species,class,order,year,month,day,dcmlLng,dcmlLtt,indvdlC,bssOfRc,firename,fireyear,firesize,fireID,n_observations
45,Gopherus agassizii,Reptilia,Testudines,2009,5,15,-115.451528,35.154436,1,HUMAN_OBSERVATION,WILDHORSE,2005,63771.3,565,31
1067,Ovis canadensis nelsoni,Mammalia,Artiodactyla,2020,9,5,-116.493414,33.326946,1,HUMAN_OBSERVATION,EAGLE,2011,13992.99,314,16
3439,Puma concolor,Mammalia,Carnivora,2019,11,5,-116.47808,33.153343,1,HUMAN_OBSERVATION,STEWART,2012,10630.18,417,19
3516,Colaptes chrysoides,Aves,Piciformes,2019,6,7,-115.51266,35.25319,2,HUMAN_OBSERVATION,DOME,2020,44211.08459,1109,125
3945,Ammospermophilus nelsoni,Mammalia,Rodentia,2021,5,24,-119.797113,35.113389,1,HUMAN_OBSERVATION,WASH,2010,947.4305,1087,1
3954,Ovis canadensis nelsoni,Mammalia,Artiodactyla,2006,12,30,-116.452502,33.312273,1,HUMAN_OBSERVATION,EAGLE,2011,13992.99,314,16
4077,Cyprinodon macularius,Actinopterygii,Cyprinodontiformes,2018,6,29,-116.493487,33.356533,1,HUMAN_OBSERVATION,EAGLE,2011,13992.99,314,16
4755,Colaptes chrysoides,Aves,Piciformes,2010,7,16,-115.55262,35.31624,2,HUMAN_OBSERVATION,DOME,2020,44211.08459,1109,125
4897,Haliaeetus leucocephalus,Aves,Accipitriformes,2011,5,29,-121.30736,37.44076,1,HUMAN_OBSERVATION,DEL PUERTO,2020,390647.2556,1112,15
5334,Colaptes chrysoides,Aves,Piciformes,2010,6,1,-115.52253,35.26816,1,HUMAN_OBSERVATION,DOME,2020,44211.08459,1109,125
5500,Agelaius tricolor,Aves,Passeriformes,2010,4,22,-120.174,35.9561,2,HUMAN_OBSERVATION,AVENAL,2008,945.3325,941,11
6528,Agelaius tricolor,Aves,Passeriformes,2017,2,26,-116.534831,33.375444,1,HUMAN_OBSERVATION,COYOTE,2003,18704.78,506,1
6677,Empidonax traillii,Aves,Passeriformes,2020,10,3,-116.56721,34.047775,1,HUMAN_OBSERVATION,PARADISE,2005,3081.726,271,23
6928,Colaptes chrysoides,Aves,Piciformes,2013,12,28,-115.51266,35.25319,2,HUMAN_OBSERVATION,DOME,2020,44211.08459,1109,125
7181,Ovis canadensis nelsoni,Mammalia,Artiodactyla,2017,3,4,-116.473421,33.261868,1,HUMAN_OBSERVATION,PINES,2002,61691.24,263,17
7213,Ovis canadensis nelsoni,Mammalia,Artiodactyla,2017,2,18,-116.473271,33.303021,1,HUMAN_OBSERVATION,PINES,2002,61691.24,263,17
7213,Ovis canadensis nelsoni,Mammalia,Artiodactyla,2017,2,18,-116.473271,33.303021,1,HUMAN_OBSERVATION,EAGLE,2011,13992.99,314,16
7365,Gopherus agassizii,Reptilia,Testudines,2015,5,27,-115.489642,35.004906,1,HUMAN_OBSERVATION,BLAIR,2006,66.48067,673,1
7395,Buteo swainsoni,Aves,Accipitriformes,2021,5,21,-115.823739,33.499592,1,HUMAN_OBSERVATION,DOS PALMAS,2008,456.4143,283,1
7476,Cyprinodon macularius,Actinopterygii,Cyprinodontiformes,2017,9,25,-116.459088,33.331965,1,HUMAN_OBSERVATION,EAGLE,2011,13992.99,314,16
7700,Ovis canadensis nelsoni,Mammalia,Artiodactyla,2020,3,9,-116.482208,33.22775,1,HUMAN_OBSERVATION,PINES,2002,61691.24,263,17
8859,Empidonax traillii,Aves,Passeriformes,2016,9,4,-121.06041,37.08305,1,HUMAN_OBSERVATION,ROMERO,2000,1706.85,873,52
10878,Empidonax traillii,Aves,Passeriformes,1998,5,16,-115.33627,35.160686,1,HUMAN_OBSERVATION,WILDHORSE,2005,63771.3,565,31
11082,Uma inornata,Reptilia,Squamata,2004,4,23,-116.610386,33.83464,1,HUMAN_OBSERVATION,TRAM,2013,59.22004,531,1
11521,Agelaius tricolor,Aves,Passeriformes,2020,1,4,-120.922588,36.70639,1,HUMAN_OBSERVATION,BROWN,2008,3786.915,935,3
11580,Agelaius tricolor,Aves,Passeriformes,2019,1,18,-120.827993,36.53064,1,HUMAN_OBSERVATION,NEW IDRIA,2003,632.0136,911,2
12485,Haliaeetus leucocephalus,Aves,Accipitriformes,2020,2,6,-120.48183,36.081917,1,HUMAN_OBSERVATION,MINERAL,2020,29666.84215,1111,1
18307,Colaptes chrysoides,Aves,Piciformes,2019,6,19,-115.51266,35.25319,2,HUMAN_OBSERVATION,DOME,2020,44211.08459,1109,125
18915,Gymnogyps californianus,Aves,Accipitriformes,2012,2,3,-119.407104,34.92114,4,HUMAN_OBSERVATION,SCHOOL,2014,223.7788,1094,4
19159,Colaptes chrysoides,Aves,Piciformes,1975,12,4,-115.42099,35.092037,1,HUMAN_OBSERVATION,WILDHORSE,2005,63771.3,565,31
43294,Colaptes chrysoides,Aves,Piciformes,2017,4,2,-115.60192,35.277576,1,HUMAN_OBSERVATION,DOME,2020,44211.08459,1109,125
44457,Empidonax traillii,Aves,Passeriformes,2015,6,7,-115.43524,35.131176,2,HUMAN_OBSERVATION,WILDHORSE,2005,63771.3,565,31
44521,Haliaeetus leucocephalus,Aves,Accipitriformes,2019,6,19,-121.15877,37.169483,1,HUMAN_OBSERVATION,MCCABE,2015,1728.974,997,3
44521,Haliaeetus leucocephalus,Aves,Accipitriformes,2019,6,19,-121.15877,37.169483,1,HUMAN_OBSERVATION,DEL PUERTO,2020,390647.2556,1112,15
46067,Colaptes chrysoides,Aves,Piciformes,2019,5,26,-115.51266,35.25319,3,HUMAN_OBSERVATION,DOME,2020,44211.08459,1109,125
46243,Colaptes chrysoides,Aves,Piciformes,2008,4,5,-115.56999,35.347614,1,HUMAN_OBSERVATION,DOME,2020,44211.08459,1109,125
46564,Buteo swainsoni,Aves,Accipitriformes,2016,1,30,-121.03,37.062,1,HUMAN_OBSERVATION,BASALT,2004,410.184,929,22
47495,Buteo swainsoni,Aves,Accipitriformes,2014,4,5,-115.55262,35.31624,1,HUMAN_OBSERVATION,DOME,2020,44211.08459,1109,125
47564,Melanerpes uropygialis,Aves,Piciformes,2010,2,6,-114.718895,32.727943,1,HUMAN_OBSERVATION,ALAMO,2016,136.4,360,1
47641,Agelaius tricolor,Aves,Passeriformes,2014,3,28,-121.30736,37.44076,10,HUMAN_OBSERVATION,DEL PUERTO,2020,390647.2556,1112,15
47772,Empidonax traillii,Aves,Passeriformes,2019,5,11,-115.55262,35.31624,1,HUMAN_OBSERVATION,DOME,2020,44211.08459,1109,125
48118,Empidonax traillii,Aves,Passeriformes,1972,6,4,-116.58022,34.044693,1,HUMAN_OBSERVATION,PARADISE,2005,3081.726,271,23
48357,Gymnogyps californianus,Aves,Accipitriformes,2017,10,10,-119.40669,34.928482,7,HUMAN_OBSERVATION,SCHOOL,2014,223.7788,1094,4
48914,Haliaeetus leucocephalus,Aves,Accipitriformes,2018,12,21,-121.07082,37.077686,1,HUMAN_OBSERVATION,SAN LUIS,2005,332.2597,727,2
48914,Haliaeetus leucocephalus,Aves,Accipitriformes,2018,12,21,-121.07082,37.077686,1,HUMAN_OBSERVATION,ROMERO,2000,1706.85,873,52
48914,Haliaeetus leucocephalus,Aves,Accipitriformes,2018,12,21,-121.07082,37.077686,1,HUMAN_OBSERVATION,ROMERO,2008,766.0438,938,5
48914,Haliaeetus leucocephalus,Aves,Accipitriformes,2018,12,21,-121.07082,37.077686,1,HUMAN_OBSERVATION,ROMERO,2011,451.0401,971,1
50520,Colaptes chrysoides,Aves,Piciformes,2019,6,7,-115.51266,35.25319,2,HUMAN_OBSERVATION,DOME,2020,44211.08459,1109,125
51396,Haliaeetus leucocephalus,Aves,Accipitriformes,2015,1,29,-121.06041,37.08305,1,HUMAN_OBSERVATION,ROMERO,2000,1706.85,873,52
51694,Colaptes chrysoides,Aves,Piciformes,2017,4,15,-115.60192,35.277576,2,HUMAN_OBSERVATION,DOME,2020,44211.08459,1109,125
51865,Buteo swainsoni,Aves,Accipitriformes,2020,7,22,-121.03,37.062,1,HUMAN_OBSERVATION,BASALT,2004,410.184,929,22
51941,Agelaius tricolor,Aves,Passeriformes,1983,6,10,-118.96196,35.529922,1,HUMAN_OBSERVATION,REED,2011,5899.568,968,1
52606,Empidonax traillii,Aves,Passeriformes,1999,5,7,-116.58022,34.044693,1,HUMAN_OBSERVATION,PARADISE,2005,3081.726,271,23
52713,Buteo swainsoni,Aves,Accipitriformes,2013,5,20,-121.06041,37.08305,1,HUMAN_OBSERVATION,ROMERO,2000,1706.85,873,52
53958,Buteo swainsoni,Aves,Accipitriformes,2019,3,24,-121.03,37.062,1,HUMAN_OBSERVATION,BASALT,2004,410.184,929,22
54135,Empidonax traillii,Aves,Passeriformes,1974,9,19,-116.58022,34.044693,1,HUMAN_OBSERVATION,PARADISE,2005,3081.726,271,23
55036,Colaptes chrysoides,Aves,Piciformes,2019,5,18,-115.523964,35.269314,1,HUMAN_OBSERVATION,DOME,2020,44211.08459,1109,125
55741,Riparia riparia,Aves,Passeriformes,2019,5,27,-116.2235,35.832287,10,HUMAN_OBSERVATION,TECOPA,2010,105.7345,291,17
55904,Buteo swainsoni,Aves,Accipitriformes,2009,5,3,-119.50361,34.894096,1,HUMAN_OBSERVATION,HWY166,2004,65.16033,856,2
55996,Empidonax traillii,Aves,Passeriformes,2017,5,27,-116.2235,35.832287,1,HUMAN_OBSERVATION,TECOPA,2010,105.7345,291,17
57722,Colaptes chrysoides,Aves,Piciformes,2015,5,25,-115.51266,35.25319,1,HUMAN_OBSERVATION,DOME,2020,44211.08459,1109,125
57964,Colaptes chrysoides,Aves,Piciformes,2018,11,25,-115.51266,35.25319,1,HUMAN_OBSERVATION,DOME,2020,44211.08459,1109,125
58616,Buteo swainsoni,Aves,Accipitriformes,2013,5,20,-121.06041,37.08305,1,HUMAN_OBSERVATION,ROMERO,2000,1706.85,873,52
58734,Buteo swainsoni,Aves,Accipitriformes,2015,6,30,-121.06041,37.08305,1,HUMAN_OBSERVATION,ROMERO,2000,1706.85,873,52
60188,Buteo swainsoni,Aves,Accipitriformes,2010,5,22,-115.55262,35.31624,1,HUMAN_OBSERVATION,DOME,2020,44211.08459,1109,125
60303,Colaptes chrysoides,Aves,Piciformes,2010,5,22,-115.55262,35.31624,1,HUMAN_OBSERVATION,DOME,2020,44211.08459,1109,125
60704,Colaptes chrysoides,Aves,Piciformes,2017,3,17,-115.57676,35.354145,1,HUMAN_OBSERVATION,DOME,2020,44211.08459,1109,125
60858,Agelaius tricolor,Aves,Passeriformes,2003,3,8,-120.6635,37.185223,1,HUMAN_OBSERVATION,SANDY,2016,0,1107,1
61437,Haliaeetus leucocephalus,Aves,Accipitriformes,2015,12,3,-121.06041,37.08305,3,HUMAN_OBSERVATION,ROMERO,2000,1706.85,873,52
61622,Haliaeetus leucocephalus,Aves,Accipitriformes,2019,9,7,-121.059135,37.07799,1,HUMAN_OBSERVATION,ROMERO,2000,1706.85,873,52
61622,Haliaeetus leucocephalus,Aves,Accipitriformes,2019,9,7,-121.059135,37.07799,1,HUMAN_OBSERVATION,ROMERO,2008,766.0438,938,5
61680,Colaptes chrysoides,Aves,Piciformes,2013,12,28,-115.51266,35.25319,2,HUMAN_OBSERVATION,DOME,2020,44211.08459,1109,125
62102,Empidonax traillii,Aves,Passeriformes,2014,5,23,-119.58132,35.025692,2,HUMAN_OBSERVATION,SODA,2016,2000.281,1086,4
62450,Haliaeetus leucocephalus,Aves,Accipitriformes,2020,12,1,-121.03,37.062,1,HUMAN_OBSERVATION,BASALT,2004,410.184,929,22
63719,Agelaius tricolor,Aves,Passeriformes,2010,4,21,-117.38007,34.318535,8,HUMAN_OBSERVATION,OLD,2003,91428,512,6
63795,Empidonax traillii,Aves,Passeriformes,2018,9,26,-121.06041,37.08305,1,HUMAN_OBSERVATION,ROMERO,2000,1706.85,873,52
65513,Buteo swainsoni,Aves,Accipitriformes,2017,5,28,-120.80931,36.89789,2,HUMAN_OBSERVATION,DOS AMIGOS,2005,746.0347,721,1
65983,Buteo swainsoni,Aves,Accipitriformes,2012,4,2,-120.174,35.9561,1,HUMAN_OBSERVATION,AVENAL,2008,945.3325,941,11
67005,Haliaeetus leucocephalus,Aves,Accipitriformes,2015,3,9,-121.06041,37.08305,1,HUMAN_OBSERVATION,ROMERO,2000,1706.85,873,52
67019,Haliaeetus leucocephalus,Aves,Accipitriformes,2015,7,11,-121.06041,37.08305,2,HUMAN_OBSERVATION,ROMERO,2000,1706.85,873,52
67063,Buteo swainsoni,Aves,Accipitriformes,2014,4,24,-121.30736,37.44076,2,HUMAN_OBSERVATION,DEL PUERTO,2020,390647.2556,1112,15
68034,Colaptes chrysoides,Aves,Piciformes,2020,10,17,-115.51266,35.25319,1,HUMAN_OBSERVATION,DOME,2020,44211.08459,1109,125
68172,Haliaeetus leucocephalus,Aves,Accipitriformes,2015,12,3,-121.06041,37.08305,1,HUMAN_OBSERVATION,ROMERO,2000,1706.85,873,52
68230,Empidonax traillii,Aves,Passeriformes,2003,5,31,-116.46194,33.226517,1,HUMAN_OBSERVATION,PINES,2002,61691.24,263,17
69094,Colaptes chrysoides,Aves,Piciformes,2014,3,24,-115.55262,35.31624,1,HUMAN_OBSERVATION,DOME,2020,44211.08459,1109,125
69708,Haliaeetus leucocephalus,Aves,Accipitriformes,2016,1,30,-121.03,37.062,1,HUMAN_OBSERVATION,BASALT,2004,410.184,929,22
70901,Riparia riparia,Aves,Passeriformes,2019,5,27,-116.2235,35.832287,10,HUMAN_OBSERVATION,TECOPA,2010,105.7345,291,17
71032,Empidonax traillii,Aves,Passeriformes,2013,8,31,-115.43524,35.131176,1,HUMAN_OBSERVATION,WILDHORSE,2005,63771.3,565,31
71509,Empidonax traillii,Aves,Passeriformes,1985,8,14,-115.3593,35.1476,1,HUMAN_OBSERVATION,WILDHORSE,2005,63771.3,565,31
71809,Empidonax traillii,Aves,Passeriformes,2005,5,24,-116.2235,35.832287,1,HUMAN_OBSERVATION,TECOPA,2010,105.7345,291,17
73073,Colaptes chrysoides,Aves,Piciformes,2013,8,8,-115.52253,35.26816,1,HUMAN_OBSERVATION,DOME,2020,44211.08459,1109,125
73720,Empidonax traillii,Aves,Passeriformes,2009,5,23,-120.174,35.9561,1,HUMAN_OBSERVATION,AVENAL,2008,945.3325,941,11
73819,Empidonax traillii,Aves,Passeriformes,2011,5,16,-117.45584,34.322678,3,HUMAN_OBSERVATION,BLUE CUT,2016,36266.55,414,4
73819,Empidonax traillii,Aves,Passeriformes,2011,5,16,-117.45584,34.322678,3,HUMAN_OBSERVATION,BLUE CUT,2002,6821.039,508,2
74015,Empidonax traillii,Aves,Passeriformes,2009,6,15,-116.2235,35.832287,1,HUMAN_OBSERVATION,TECOPA,2010,105.7345,291,17
74796,Empidonax traillii,Aves,Passeriformes,2005,6,2,-116.2235,35.832287,1,HUMAN_OBSERVATION,TECOPA,2010,105.7345,291,17
75406,Haliaeetus leucocephalus,Aves,Accipitriformes,2015,12,2,-121.06041,37.08305,1,HUMAN_OBSERVATION,ROMERO,2000,1706.85,873,52
75412,Colaptes chrysoides,Aves,Piciformes,2017,7,27,-115.386314,35.177177,1,HUMAN_OBSERVATION,WILDHORSE,2005,63771.3,565,31
75698,Empidonax traillii,Aves,Passeriformes,2008,5,29,-116.22368,35.83723,1,HUMAN_OBSERVATION,TECOPA,2010,105.7345,291,17
75946,Buteo swainsoni,Aves,Accipitriformes,2016,2,27,-121.06041,37.08305,2,HUMAN_OBSERVATION,ROMERO,2000,1706.85,873,52
76062,Haliaeetus leucocephalus,Aves,Accipitriformes,2014,3,13,-121.06041,37.08305,1,HUMAN_OBSERVATION,ROMERO,2000,1706.85,873,52
76217,Empidonax traillii,Aves,Passeriformes,2001,6,2,-117.45919,34.32205,1,HUMAN_OBSERVATION,BLUE CUT,2016,36266.55,414,4
76217,Empidonax traillii,Aves,Passeriformes,2001,6,2,-117.45919,34.32205,1,HUMAN_OBSERVATION,BLUE CUT,2002,6821.039,508,2
76475,Riparia riparia,Aves,Passeriformes,2014,5,23,-116.23726,35.88015,4,HUMAN_OBSERVATION,TECOPA,2017,26.99327,392,1
77381,Colaptes chrysoides,Aves,Piciformes,2010,5,22,-115.55262,35.31624,1,HUMAN_OBSERVATION,DOME,2020,44211.08459,1109,125
77701,Colaptes chrysoides,Aves,Piciformes,2010,5,22,-115.55262,35.31624,1,HUMAN_OBSERVATION,DOME,2020,44211.08459,1109,125
77902,Buteo swainsoni,Aves,Accipitriformes,2009,6,23,-121.03,37.062,1,HUMAN_OBSERVATION,BASALT,2004,410.184,929,22
78221,Riparia riparia,Aves,Passeriformes,2009,4,26,-116.22368,35.83723,1,HUMAN_OBSERVATION,TECOPA,2010,105.7345,291,17
78514,Buteo swainsoni,Aves,Accipitriformes,2015,4,18,-120.174,35.9561,1,HUMAN_OBSERVATION,AVENAL,2008,945.3325,941,11
79456,Colaptes chrysoides,Aves,Piciformes,2010,4,11,-115.55262,35.31624,1,HUMAN_OBSERVATION,DOME,2020,44211.08459,1109,125
81035,Colaptes chrysoides,Aves,Piciformes,2014,5,17,-115.55262,35.31624,1,HUMAN_OBSERVATION,DOME,2020,44211.08459,1109,125
81296,Agelaius tricolor,Aves,Passeriformes,2017,5,2,-119.58132,35.025692,8,HUMAN_OBSERVATION,SODA,2016,2000.281,1086,4
81563,Agelaius tricolor,Aves,Passeriformes,2014,6,6,-121.30011,37.441776,3,HUMAN_OBSERVATION,DEL PUERTO,2020,390647.2556,1112,15
83818,Empidonax traillii,Aves,Passeriformes,2002,6,11,-118.08964,36.688896,1,HUMAN_OBSERVATION,MOFFAT,2018,1253.925,351,3
83924,Buteo swainsoni,Aves,Accipitriformes,2020,9,22,-121.255264,37.448895,1,HUMAN_OBSERVATION,DEL PUERTO,2020,390647.2556,1112,15
84072,Agelaius tricolor,Aves,Passeriformes,2012,1,17,-121.03,37.062,1,HUMAN_OBSERVATION,BASALT,2004,410.184,929,22
84263,Colaptes chrysoides,Aves,Piciformes,1972,7,5,-115.55262,35.31624,2,HUMAN_OBSERVATION,DOME,2020,44211.08459,1109,125
84582,Colaptes chrysoides,Aves,Piciformes,2019,5,19,-115.51266,35.25319,1,HUMAN_OBSERVATION,DOME,2020,44211.08459,1109,125
84657,Empidonax traillii,Aves,Passeriformes,2019,5,11,-115.55262,35.31624,1,HUMAN_OBSERVATION,DOME,2020,44211.08459,1109,125
85081,Buteo swainsoni,Aves,Accipitriformes,2016,4,10,-116.5078,33.14084,1,HUMAN_OBSERVATION,STEWART,2012,10630.18,417,19
85907,Colaptes chrysoides,Aves,Piciformes,2020,6,13,-115.43697,35.163403,1,HUMAN_OBSERVATION,WILDHORSE,2005,63771.3,565,31
86225,Haliaeetus leucocephalus,Aves,Accipitriformes,2015,10,3,-121.06041,37.08305,1,HUMAN_OBSERVATION,ROMERO,2000,1706.85,873,52
86860,Buteo swainsoni,Aves,Accipitriformes,2019,4,13,-115.43524,35.131176,2,HUMAN_OBSERVATION,WILDHORSE,2005,63771.3,565,31
87102,Haliaeetus leucocephalus,Aves,Accipitriformes,2016,1,30,-121.13317,37.10022,1,HUMAN_OBSERVATION,COTTONWOOD2,2008,796.5697,939,1
87510,Agelaius tricolor,Aves,Passeriformes,2019,5,24,-117.898926,34.47154,1,HUMAN_OBSERVATION,BOBCAT,2020,115997.5701,1110,9
88530,Colaptes chrysoides,Aves,Piciformes,2017,3,18,-115.52008,35.26856,2,HUMAN_OBSERVATION,DOME,2020,44211.08459,1109,125
88541,Haliaeetus leucocephalus,Aves,Accipitriformes,2016,1,30,-121.03,37.062,1,HUMAN_OBSERVATION,BASALT,2004,410.184,929,22
88821,Empidonax traillii,Aves,Passeriformes,2004,6,5,-116.46194,33.226517,1,HUMAN_OBSERVATION,PINES,2002,61691.24,263,17
89057,Melanerpes uropygialis,Aves,Piciformes,2011,6,15,-114.68353,33.202213,2,HUMAN_OBSERVATION,DRAPER,2017,754.3,368,3
91335,Buteo swainsoni,Aves,Accipitriformes,2016,5,13,-121.06041,37.08305,2,HUMAN_OBSERVATION,ROMERO,2000,1706.85,873,52
91830,Agelaius tricolor,Aves,Passeriformes,2012,4,17,-118.42872,34.70799,969,HUMAN_OBSERVATION,POWERHOUSE,2013,30267.57,418,6
92585,Empidonax traillii,Aves,Passeriformes,2017,9,24,-121.06041,37.08305,1,HUMAN_OBSERVATION,ROMERO,2000,1706.85,873,52
92605,Empidonax traillii,Aves,Passeriformes,2019,5,11,-115.55262,35.31624,1,HUMAN_OBSERVATION,DOME,2020,44211.08459,1109,125
93193,Haliaeetus leucocephalus,Aves,Accipitriformes,2019,11,3,-121.06041,37.08305,1,HUMAN_OBSERVATION,ROMERO,2000,1706.85,873,52
94400,Haliaeetus leucocephalus,Aves,Accipitriformes,2012,2,3,-119.407104,34.92114,1,HUMAN_OBSERVATION,SCHOOL,2014,223.7788,1094,4
96104,Agelaius tricolor,Aves,Passeriformes,1999,3,27,-120.174,35.9561,1,HUMAN_OBSERVATION,AVENAL,2008,945.3325,941,11
96723,Colaptes chrysoides,Aves,Piciformes,1998,6,7,-115.60192,35.277576,2,HUMAN_OBSERVATION,DOME,2020,44211.08459,1109,125
96943,Colaptes chrysoides,Aves,Piciformes,2013,8,31,-115.51266,35.25319,1,HUMAN_OBSERVATION,DOME,2020,44211.08459,1109,125
97645,Colaptes chrysoides,Aves,Piciformes,2020,6,13,-115.51266,35.25319,2,HUMAN_OBSERVATION,DOME,2020,44211.08459,1109,125
97657,Agelaius tricolor,Aves,Passeriformes,1999,3,30,-120.174,35.9561,1,HUMAN_OBSERVATION,AVENAL,2008,945.3325,941,11
99187,Empidonax traillii,Aves,Passeriformes,2011,6,15,-114.68353,33.202213,1,HUMAN_OBSERVATION,DRAPER,2017,754.3,368,3
99643,Riparia riparia,Aves,Passeriformes,2013,4,10,-116.58022,34.044693,1,HUMAN_OBSERVATION,PARADISE,2005,3081.726,271,23
99859,Colaptes chrysoides,Aves,Piciformes,2014,6,21,-115.52318,35.26818,1,HUMAN_OBSERVATION,DOME,2020,44211.08459,1109,125
100463,Haliaeetus leucocephalus,Aves,Accipitriformes,2014,6,6,-121.30011,37.441776,1,HUMAN_OBSERVATION,DEL PUERTO,2020,390647.2556,1112,15
100513,Colaptes chrysoides,Aves,Piciformes,2019,5,12,-115.520065,35.268368,1,HUMAN_OBSERVATION,DOME,2020,44211.08459,1109,125
100790,Colaptes chrysoides,Aves,Piciformes,2016,4,23,-115.52041,35.268417,1,HUMAN_OBSERVATION,DOME,2020,44211.08459,1109,125
100805,Colaptes chrysoides,Aves,Piciformes,1973,6,25,-115.60192,35.277576,1,HUMAN_OBSERVATION,DOME,2020,44211.08459,1109,125
102330,Empidonax traillii,Aves,Passeriformes,2012,5,26,-117.85463,34.44599,1,HUMAN_OBSERVATION,BOBCAT,2020,115997.5701,1110,9
102413,Colaptes chrysoides,Aves,Piciformes,2016,5,8,-115.51266,35.25319,1,HUMAN_OBSERVATION,DOME,2020,44211.08459,1109,125
102727,Riparia riparia,Aves,Passeriformes,2016,5,14,-117.29355,34.309288,2,HUMAN_OBSERVATION,PILOT,2016,8110.823,409,1
103641,Colaptes chrysoides,Aves,Piciformes,2018,4,10,-115.5301,35.288033,1,HUMAN_OBSERVATION,DOME,2020,44211.08459,1109,125
103751,Puma concolor,Mammalia,Carnivora,2019,7,20,-116.476837,33.152608,1,HUMAN_OBSERVATION,STEWART,2012,10630.18,417,19
103830,Cyprinodon macularius,Actinopterygii,Cyprinodontiformes,2017,4,12,-116.469246,33.314483,1,HUMAN_OBSERVATION,PINES,2002,61691.24,263,17
103830,Cyprinodon macularius,Actinopterygii,Cyprinodontiformes,2017,4,12,-116.469246,33.314483,1,HUMAN_OBSERVATION,EAGLE,2011,13992.99,314,16
104064,Bombus crotchii,Insecta,Hymenoptera,2020,3,28,-116.548907,33.140378,1,HUMAN_OBSERVATION,PINES,2002,61691.24,263,17
104083,Uma inornata,Reptilia,Squamata,2020,2,21,-116.572821,33.999004,1,HUMAN_OBSERVATION,INDIAN 2,2005,188.7452,78,1
104502,Agelaius tricolor,Aves,Passeriformes,2010,2,25,-117.38007,34.318535,50,HUMAN_OBSERVATION,OLD,2003,91428,512,6
106676,Colaptes chrysoides,Aves,Piciformes,2015,5,25,-115.51266,35.25319,1,HUMAN_OBSERVATION,DOME,2020,44211.08459,1109,125
106858,Melanerpes uropygialis,Aves,Piciformes,2011,7,7,-114.68353,33.202213,2,HUMAN_OBSERVATION,DRAPER,2017,754.3,368,3
107091,Agelaius tricolor,Aves,Passeriformes,2011,4,17,-118.42258,34.71664,150,HUMAN_OBSERVATION,POWERHOUSE,2013,30267.57,418,6
107532,Colaptes chrysoides,Aves,Piciformes,2012,4,15,-115.528321,35.285739,1,HUMAN_OBSERVATION,DOME,2020,44211.08459,1109,125
107987,Colaptes chrysoides,Aves,Piciformes,1973,6,25,-115.60192,35.277576,1,HUMAN_OBSERVATION,DOME,2020,44211.08459,1109,125
108433,Anaxyrus californicus,Amphibia,Anura,2019,7,11,-117.265119,34.350382,1,HUMAN_OBSERVATION,LOS FLORES,2007,4099.966,73,1
108579,Ovis canadensis nelsoni,Mammalia,Artiodactyla,2020,12,22,-116.555203,33.71988,1,HUMAN_OBSERVATION,MOUNTAIN,2013,27523.67,331,3
108752,Buteo swainsoni,Aves,Accipitriformes,2016,1,30,-121.03,37.062,1,HUMAN_OBSERVATION,BASALT,2004,410.184,929,22
108767,Haliaeetus leucocephalus,Aves,Accipitriformes,2015,12,3,-121.06041,37.08305,3,HUMAN_OBSERVATION,ROMERO,2000,1706.85,873,52
109074,Empidonax traillii,Aves,Passeriformes,2019,5,11,-115.55262,35.31624,1,HUMAN_OBSERVATION,DOME,2020,44211.08459,1109,125
109163,Haliaeetus leucocephalus,Aves,Accipitriformes,2019,10,28,-121.06041,37.08305,1,HUMAN_OBSERVATION,ROMERO,2000,1706.85,873,52
109402,Puma concolor,Mammalia,Carnivora,2021,5,22,-116.496596,33.128107,1,HUMAN_OBSERVATION,STEWART,2012,10630.18,417,19
109412,Puma concolor,Mammalia,Carnivora,2018,11,3,-116.475664,33.152238,1,HUMAN_OBSERVATION,STEWART,2012,10630.18,417,19
109666,Puma concolor,Mammalia,Carnivora,2018,2,17,-116.483107,33.155196,1,HUMAN_OBSERVATION,STEWART,2012,10630.18,417,19
109826,Ovis canadensis nelsoni,Mammalia,Artiodactyla,2009,11,26,-116.70201,33.906552,1,HUMAN_OBSERVATION,VERBENIA,2004,3831.371,82,2
110172,Gopherus agassizii,Reptilia,Testudines,2021,3,7,-116.647241,33.937689,1,HUMAN_OBSERVATION,VIEW,2012,376.1476,400,1
110254,Ovis canadensis nelsoni,Mammalia,Artiodactyla,2019,11,15,-116.456347,33.314352,1,HUMAN_OBSERVATION,EAGLE,2011,13992.99,314,16
111414,Colaptes chrysoides,Aves,Piciformes,2000,7,4,-115.51266,35.25319,1,HUMAN_OBSERVATION,DOME,2020,44211.08459,1109,125
111621,Ovis canadensis nelsoni,Mammalia,Artiodactyla,2016,4,24,-116.514808,33.345671,1,HUMAN_OBSERVATION,EAGLE,2011,13992.99,314,16
111762,Ovis canadensis nelsoni,Mammalia,Artiodactyla,2021,1,1,-116.497637,33.342772,1,HUMAN_OBSERVATION,EAGLE,2011,13992.99,314,16
111984,Ammospermophilus nelsoni,Mammalia,Rodentia,2015,1,31,-120.928309,36.717083,1,HUMAN_OBSERVATION,BROWN,2008,3786.915,935,3
112301,Anaxyrus californicus,Amphibia,Anura,2018,5,22,-117.394661,34.310097,1,HUMAN_OBSERVATION,OLD,2003,91428,512,6
113507,Puma concolor,Mammalia,Carnivora,2017,12,2,-116.48178,33.154915,1,HUMAN_OBSERVATION,STEWART,2012,10630.18,417,19
114442,Buteo swainsoni,Aves,Accipitriformes,2002,6,25,-118.09715,36.7218,1,OBSERVATION,MOFFAT,2018,1253.925,351,3
114461,Empidonax traillii,Aves,Passeriformes,2002,6,10,-118.03279,36.6003,1,OBSERVATION,RIVER,2013,406.8415,332,1
114544,Ovis canadensis nelsoni,Mammalia,Artiodactyla,2012,12,21,-116.648406,33.893092,1,HUMAN_OBSERVATION,BLAISDELL,2005,5491.788,505,2
115611,Melanerpes uropygialis,Aves,Piciformes,2013,10,26,-114.58019,32.769012,1,HUMAN_OBSERVATION,HAUGHTELIN,2010,2319.5,356,1
116409,Haliaeetus leucocephalus,Aves,Accipitriformes,2019,11,10,-121.06041,37.08305,1,HUMAN_OBSERVATION,ROMERO,2000,1706.85,873,52
116602,Agelaius tricolor,Aves,Passeriformes,2009,1,6,-121.03,37.062,1,HUMAN_OBSERVATION,BASALT,2004,410.184,929,22
116959,Haliaeetus leucocephalus,Aves,Accipitriformes,2015,2,7,-121.06041,37.08305,1,HUMAN_OBSERVATION,ROMERO,2000,1706.85,873,52
117169,Buteo swainsoni,Aves,Accipitriformes,2015,4,9,-121.07212,37.074978,2,HUMAN_OBSERVATION,SAN LUIS,2005,332.2597,727,2
117169,Buteo swainsoni,Aves,Accipitriformes,2015,4,9,-121.07212,37.074978,2,HUMAN_OBSERVATION,ROMERO,2000,1706.85,873,52
117169,Buteo swainsoni,Aves,Accipitriformes,2015,4,9,-121.07212,37.074978,2,HUMAN_OBSERVATION,ROMERO,2008,766.0438,938,5
117918,Colaptes chrysoides,Aves,Piciformes,2018,10,4,-115.585526,35.289474,1,HUMAN_OBSERVATION,DOME,2020,44211.08459,1109,125
117932,Empidonax traillii,Aves,Passeriformes,2013,8,31,-115.43524,35.131176,1,HUMAN_OBSERVATION,WILDHORSE,2005,63771.3,565,31
118655,Colaptes chrysoides,Aves,Piciformes,2004,5,16,-115.51266,35.25319,2,HUMAN_OBSERVATION,DOME,2020,44211.08459,1109,125
118822,Buteo swainsoni,Aves,Accipitriformes,2017,7,26,-121.03,37.062,2,HUMAN_OBSERVATION,BASALT,2004,410.184,929,22
119091,Haliaeetus leucocephalus,Aves,Accipitriformes,2015,2,9,-121.06041,37.08305,1,HUMAN_OBSERVATION,ROMERO,2000,1706.85,873,52
119238,Colaptes chrysoides,Aves,Piciformes,2019,5,26,-115.51266,35.25319,3,HUMAN_OBSERVATION,DOME,2020,44211.08459,1109,125
119545,Colaptes chrysoides,Aves,Piciformes,2014,4,6,-115.60192,35.277576,1,HUMAN_OBSERVATION,DOME,2020,44211.08459,1109,125
119692,Haliaeetus leucocephalus,Aves,Accipitriformes,2016,1,23,-121.06041,37.08305,1,HUMAN_OBSERVATION,ROMERO,2000,1706.85,873,52
119709,Colaptes chrysoides,Aves,Piciformes,2014,4,5,-115.55262,35.31624,1,HUMAN_OBSERVATION,DOME,2020,44211.08459,1109,125
119999,Buteo swainsoni,Aves,Accipitriformes,2016,4,15,-117.4823,34.318203,4,HUMAN_OBSERVATION,BLUE CUT,2016,36266.55,414,4
119999,Buteo swainsoni,Aves,Accipitriformes,2016,4,15,-117.4823,34.318203,4,HUMAN_OBSERVATION,LOUISIANA,2002,6564.211,518,2
121216,Colaptes chrysoides,Aves,Piciformes,2010,6,1,-115.52253,35.26816,1,HUMAN_OBSERVATION,DOME,2020,44211.08459,1109,125
122282,Agelaius tricolor,Aves,Passeriformes,2010,3,22,-117.38007,34.318535,10,HUMAN_OBSERVATION,OLD,2003,91428,512,6
122407,Empidonax traillii,Aves,Passeriformes,2019,5,27,-116.2235,35.832287,1,HUMAN_OBSERVATION,TECOPA,2010,105.7345,291,17
122867,Agelaius tricolor,Aves,Passeriformes,2011,5,21,-120.174,35.9561,10,HUMAN_OBSERVATION,AVENAL,2008,945.3325,941,11
123706,Colaptes chrysoides,Aves,Piciformes,2018,2,9,-115.55262,35.31624,1,HUMAN_OBSERVATION,DOME,2020,44211.08459,1109,125
124125,Haliaeetus leucocephalus,Aves,Accipitriformes,2017,5,6,-121.06041,37.08305,1,HUMAN_OBSERVATION,ROMERO,2000,1706.85,873,52
124375,Ovis canadensis nelsoni,Mammalia,Artiodactyla,2018,5,27,-116.479508,33.257227,1,HUMAN_OBSERVATION,PINES,2002,61691.24,263,17
124967,Empidonax traillii,Aves,Passeriformes,2017,5,20,-120.28292,35.825462,3,HUMAN_OBSERVATION,TURKEY,2012,2530.048,975,3
125169,Empidonax traillii,Aves,Passeriformes,2008,9,22,-121.06041,37.08305,1,HUMAN_OBSERVATION,ROMERO,2000,1706.85,873,52
125182,Agelaius tricolor,Aves,Passeriformes,2008,5,17,-117.85744,34.45432,12,HUMAN_OBSERVATION,BOBCAT,2020,115997.5701,1110,9
125281,Buteo swainsoni,Aves,Accipitriformes,2016,4,10,-116.48428,33.12087,1,HUMAN_OBSERVATION,STEWART,2012,10630.18,417,19
126507,Empidonax traillii,Aves,Passeriformes,2003,9,6,-116.58022,34.044693,1,HUMAN_OBSERVATION,PARADISE,2005,3081.726,271,23
127047,Colaptes chrysoides,Aves,Piciformes,2015,5,25,-115.51266,35.25319,1,HUMAN_OBSERVATION,DOME,2020,44211.08459,1109,125
127556,Haliaeetus leucocephalus,Aves,Accipitriformes,2015,11,26,-121.15877,37.169483,2,HUMAN_OBSERVATION,MCCABE,2015,1728.974,997,3
127556,Haliaeetus leucocephalus,Aves,Accipitriformes,2015,11,26,-121.15877,37.169483,2,HUMAN_OBSERVATION,DEL PUERTO,2020,390647.2556,1112,15
129190,Colaptes chrysoides,Aves,Piciformes,2012,3,19,-115.55262,35.31624,2,HUMAN_OBSERVATION,DOME,2020,44211.08459,1109,125
129994,Haliaeetus leucocephalus,Aves,Accipitriformes,2018,2,23,-121.06041,37.08305,1,HUMAN_OBSERVATION,ROMERO,2000,1706.85,873,52
130350,Buteo swainsoni,Aves,Accipitriformes,2016,4,30,-121.06041,37.08305,2,HUMAN_OBSERVATION,ROMERO,2000,1706.85,873,52
130608,Empidonax traillii,Aves,Passeriformes,2019,5,11,-115.55262,35.31624,1,HUMAN_OBSERVATION,DOME,2020,44211.08459,1109,125
131155,Colaptes chrysoides,Aves,Piciformes,1973,6,25,-115.60192,35.277576,1,HUMAN_OBSERVATION,DOME,2020,44211.08459,1109,125
131733,Buteo swainsoni,Aves,Accipitriformes,2014,4,5,-115.43524,35.131176,1,HUMAN_OBSERVATION,WILDHORSE,2005,63771.3,565,31
132080,Empidonax traillii,Aves,Passeriformes,2005,5,25,-116.2235,35.832287,1,HUMAN_OBSERVATION,TECOPA,2010,105.7345,291,17
132275,Haliaeetus leucocephalus,Aves,Accipitriformes,2014,12,7,-121.06041,37.08305,2,HUMAN_OBSERVATION,ROMERO,2000,1706.85,873,52
132344,Colaptes chrysoides,Aves,Piciformes,2017,3,18,-115.52008,35.26856,2,HUMAN_OBSERVATION,DOME,2020,44211.08459,1109,125
132356,Haliaeetus leucocephalus,Aves,Accipitriformes,2016,3,12,-120.82764,36.535694,1,HUMAN_OBSERVATION,NEW IDRIA,2003,632.0136,911,2
132566,Empidonax traillii,Aves,Passeriformes,2013,5,26,-116.58022,34.044693,1,HUMAN_OBSERVATION,PARADISE,2005,3081.726,271,23
132699,Colaptes chrysoides,Aves,Piciformes,2019,5,12,-115.520065,35.268368,1,HUMAN_OBSERVATION,DOME,2020,44211.08459,1109,125
132863,Colaptes chrysoides,Aves,Piciformes,2019,6,25,-115.50702,35.243885,3,HUMAN_OBSERVATION,DOME,2020,44211.08459,1109,125
133584,Agelaius tricolor,Aves,Passeriformes,2012,4,16,-118.42872,34.70799,280,HUMAN_OBSERVATION,POWERHOUSE,2013,30267.57,418,6
134650,Buteo swainsoni,Aves,Accipitriformes,2012,9,8,-115.43524,35.131176,1,HUMAN_OBSERVATION,WILDHORSE,2005,63771.3,565,31
134836,Colaptes chrysoides,Aves,Piciformes,2013,4,7,-115.55262,35.31624,1,HUMAN_OBSERVATION,DOME,2020,44211.08459,1109,125
134851,Colaptes chrysoides,Aves,Piciformes,2012,9,14,-115.51266,35.25319,1,HUMAN_OBSERVATION,DOME,2020,44211.08459,1109,125
134927,Buteo swainsoni,Aves,Accipitriformes,1996,4,20,-116.58022,34.044693,1,HUMAN_OBSERVATION,PARADISE,2005,3081.726,271,23
135169,Buteo swainsoni,Aves,Accipitriformes,2012,4,15,-116.58022,34.044693,2,HUMAN_OBSERVATION,PARADISE,2005,3081.726,271,23
135229,Haliaeetus leucocephalus,Aves,Accipitriformes,2015,12,3,-121.06041,37.08305,3,HUMAN_OBSERVATION,ROMERO,2000,1706.85,873,52
135269,Buteo swainsoni,Aves,Accipitriformes,2019,4,24,-116.56976,34.04773,1,HUMAN_OBSERVATION,PARADISE,2005,3081.726,271,23
135287,Buteo swainsoni,Aves,Accipitriformes,2016,4,9,-116.4843,33.1208,13,HUMAN_OBSERVATION,STEWART,2012,10630.18,417,19
135638,Haliaeetus leucocephalus,Aves,Accipitriformes,2015,1,31,-121.06041,37.08305,1,HUMAN_OBSERVATION,ROMERO,2000,1706.85,873,52
136401,Empidonax traillii,Aves,Passeriformes,2018,5,19,-115.43524,35.131176,1,HUMAN_OBSERVATION,WILDHORSE,2005,63771.3,565,31
136752,Buteo swainsoni,Aves,Accipitriformes,2014,4,5,-115.55262,35.31624,1,HUMAN_OBSERVATION,DOME,2020,44211.08459,1109,125
136894,Empidonax traillii,Aves,Passeriformes,2013,5,18,-120.167534,35.92559,1,HUMAN_OBSERVATION,GARZA,2017,48886.66,1045,2
137416,Colaptes chrysoides,Aves,Piciformes,2014,4,5,-115.55262,35.31624,1,HUMAN_OBSERVATION,DOME,2020,44211.08459,1109,125
137502,Colaptes chrysoides,Aves,Piciformes,2017,6,12,-115.55262,35.31624,1,HUMAN_OBSERVATION,DOME,2020,44211.08459,1109,125
138372,Buteo swainsoni,Aves,Accipitriformes,2008,4,12,-116.58022,34.044693,1,HUMAN_OBSERVATION,PARADISE,2005,3081.726,271,23
138814,Colaptes chrysoides,Aves,Piciformes,2015,5,25,-115.51266,35.25319,1,HUMAN_OBSERVATION,DOME,2020,44211.08459,1109,125
138838,Haliaeetus leucocephalus,Aves,Accipitriformes,2020,3,18,-114.513596,34.734142,1,HUMAN_OBSERVATION,TOPOCK,2016,2228.4,358,1
139411,Colaptes chrysoides,Aves,Piciformes,2012,9,22,-115.55262,35.31624,1,HUMAN_OBSERVATION,DOME,2020,44211.08459,1109,125
139662,Empidonax traillii,Aves,Passeriformes,2008,6,5,-116.22368,35.83723,2,HUMAN_OBSERVATION,TECOPA,2010,105.7345,291,17
139932,Buteo swainsoni,Aves,Accipitriformes,2016,4,15,-117.4823,34.318203,4,HUMAN_OBSERVATION,BLUE CUT,2016,36266.55,414,4
139932,Buteo swainsoni,Aves,Accipitriformes,2016,4,15,-117.4823,34.318203,4,HUMAN_OBSERVATION,LOUISIANA,2002,6564.211,518,2
140135,Empidonax traillii,Aves,Passeriformes,2017,5,27,-116.44083,33.11509,4,HUMAN_OBSERVATION,NARROWS,2010,49.86191,296,3
141042,Agelaius tricolor,Aves,Passeriformes,1989,4,23,-117.85744,34.45432,1,HUMAN_OBSERVATION,BOBCAT,2020,115997.5701,1110,9
142520,Colaptes chrysoides,Aves,Piciformes,2019,6,7,-115.51266,35.25319,2,HUMAN_OBSERVATION,DOME,2020,44211.08459,1109,125
142611,Agelaius tricolor,Aves,Passeriformes,2009,4,4,-120.174,35.9561,10,HUMAN_OBSERVATION,AVENAL,2008,945.3325,941,11
143213,Colaptes chrysoides,Aves,Piciformes,2017,3,17,-115.57676,35.354145,1,HUMAN_OBSERVATION,DOME,2020,44211.08459,1109,125
143577,Empidonax traillii,Aves,Passeriformes,2013,5,26,-117.85463,34.44599,1,HUMAN_OBSERVATION,BOBCAT,2020,115997.5701,1110,9
143608,Empidonax traillii,Aves,Passeriformes,2010,6,11,-116.58022,34.044693,2,HUMAN_OBSERVATION,PARADISE,2005,3081.726,271,23
144560,Agelaius tricolor,Aves,Passeriformes,2012,1,20,-120.02309,35.35177,1,HUMAN_OBSERVATION,BECK,2000,396.3609,926,2
144632,Empidonax traillii,Aves,Passeriformes,2017,6,5,-116.2235,35.832287,1,HUMAN_OBSERVATION,TECOPA,2010,105.7345,291,17
144745,Agelaius tricolor,Aves,Passeriformes,2016,5,15,-121.30736,37.44076,4,HUMAN_OBSERVATION,DEL PUERTO,2020,390647.2556,1112,15
146078,Buteo swainsoni,Aves,Accipitriformes,2010,5,22,-115.55262,35.31624,1,HUMAN_OBSERVATION,DOME,2020,44211.08459,1109,125
146714,Colaptes chrysoides,Aves,Piciformes,1991,4,13,-115.33627,35.160686,2,HUMAN_OBSERVATION,WILDHORSE,2005,63771.3,565,31
146736,Agelaius tricolor,Aves,Passeriformes,2003,3,2,-120.02309,35.35177,350,HUMAN_OBSERVATION,BECK,2000,396.3609,926,2
147078,Agelaius tricolor,Aves,Passeriformes,2012,5,14,-118.42872,34.70799,247,HUMAN_OBSERVATION,POWERHOUSE,2013,30267.57,418,6
147415,Colaptes chrysoides,Aves,Piciformes,2020,6,13,-115.43697,35.163403,1,HUMAN_OBSERVATION,WILDHORSE,2005,63771.3,565,31
148402,Haliaeetus leucocephalus,Aves,Accipitriformes,2015,12,2,-121.06041,37.08305,2,HUMAN_OBSERVATION,ROMERO,2000,1706.85,873,52
148555,Buteo swainsoni,Aves,Accipitriformes,2017,5,3,-121.06041,37.08305,6,HUMAN_OBSERVATION,ROMERO,2000,1706.85,873,52
149077,Colaptes chrysoides,Aves,Piciformes,2019,5,26,-115.51266,35.25319,3,HUMAN_OBSERVATION,DOME,2020,44211.08459,1109,125
149870,Empidonax traillii,Aves,Passeriformes,2003,5,30,-117.85744,34.45432,1,HUMAN_OBSERVATION,BOBCAT,2020,115997.5701,1110,9
150026,Agelaius tricolor,Aves,Passeriformes,2011,3,5,-121.06041,37.08305,1,HUMAN_OBSERVATION,ROMERO,2000,1706.85,873,52
150244,Agelaius tricolor,Aves,Passeriformes,2011,4,17,-118.42258,34.71664,150,HUMAN_OBSERVATION,POWERHOUSE,2013,30267.57,418,6
150770,Empidonax traillii,Aves,Passeriformes,1976,9,1,-115.3328,35.15517,1,HUMAN_OBSERVATION,WILDHORSE,2005,63771.3,565,31
152609,Colaptes chrysoides,Aves,Piciformes,2011,6,6,-115.51266,35.25319,1,HUMAN_OBSERVATION,DOME,2020,44211.08459,1109,125
154796,Empidonax traillii,Aves,Passeriformes,1974,9,19,-116.58022,34.044693,1,HUMAN_OBSERVATION,PARADISE,2005,3081.726,271,23
155538,Colaptes chrysoides,Aves,Piciformes,2016,5,8,-115.51266,35.25319,1,HUMAN_OBSERVATION,DOME,2020,44211.08459,1109,125
156620,Buteo swainsoni,Aves,Accipitriformes,2017,5,6,-121.06041,37.08305,1,HUMAN_OBSERVATION,ROMERO,2000,1706.85,873,52
156635,Colaptes chrysoides,Aves,Piciformes,2019,5,18,-115.523964,35.269314,1,HUMAN_OBSERVATION,DOME,2020,44211.08459,1109,125
157442,Colaptes chrysoides,Aves,Piciformes,2014,3,24,-115.55262,35.31624,1,HUMAN_OBSERVATION,DOME,2020,44211.08459,1109,125
157602,Colaptes chrysoides,Aves,Piciformes,2016,4,29,-115.55262,35.31624,1,HUMAN_OBSERVATION,DOME,2020,44211.08459,1109,125
157657,Empidonax traillii,Aves,Passeriformes,2008,5,26,-116.22368,35.83723,1,HUMAN_OBSERVATION,TECOPA,2010,105.7345,291,17
158776,Colaptes chrysoides,Aves,Piciformes,2020,6,13,-115.51266,35.25319,2,HUMAN_OBSERVATION,DOME,2020,44211.08459,1109,125
158779,Buteo swainsoni,Aves,Accipitriformes,2014,4,5,-115.43524,35.131176,1,HUMAN_OBSERVATION,WILDHORSE,2005,63771.3,565,31
159544,Agelaius tricolor,Aves,Passeriformes,2018,1,11,-120.27737,35.82334,1,HUMAN_OBSERVATION,TURKEY,2012,2530.048,975,3
160355,Haliaeetus leucocephalus,Aves,Accipitriformes,2016,5,15,-121.30736,37.44076,1,HUMAN_OBSERVATION,DEL PUERTO,2020,390647.2556,1112,15
160440,Colaptes chrysoides,Aves,Piciformes,2010,4,11,-115.55262,35.31624,1,HUMAN_OBSERVATION,DOME,2020,44211.08459,1109,125
160679,Haliaeetus leucocephalus,Aves,Accipitriformes,2018,1,5,-120.27737,35.82334,1,HUMAN_OBSERVATION,TURKEY,2012,2530.048,975,3
161555,Gymnogyps californianus,Aves,Accipitriformes,2005,7,30,-119.44898,34.959522,1,HUMAN_OBSERVATION,SODA,2005,449.4977,678,1
161555,Gymnogyps californianus,Aves,Accipitriformes,2005,7,30,-119.44898,34.959522,1,HUMAN_OBSERVATION,HUDSON,2017,1182.301,1021,1
161583,Colaptes chrysoides,Aves,Piciformes,2013,8,31,-115.51266,35.25319,1,HUMAN_OBSERVATION,DOME,2020,44211.08459,1109,125
162904,Empidonax traillii,Aves,Passeriformes,2016,9,4,-121.06041,37.08305,1,HUMAN_OBSERVATION,ROMERO,2000,1706.85,873,52
163504,Buteo swainsoni,Aves,Accipitriformes,2015,4,24,-121.03,37.062,1,HUMAN_OBSERVATION,BASALT,2004,410.184,929,22
163832,Colaptes chrysoides,Aves,Piciformes,2019,5,26,-115.51266,35.25319,3,HUMAN_OBSERVATION,DOME,2020,44211.08459,1109,125
164008,Colaptes chrysoides,Aves,Piciformes,2017,4,1,-115.51266,35.25319,2,HUMAN_OBSERVATION,DOME,2020,44211.08459,1109,125
164323,Empidonax traillii,Aves,Passeriformes,1980,6,1,-116.58022,34.044693,1,HUMAN_OBSERVATION,PARADISE,2005,3081.726,271,23
164412,Colaptes chrysoides,Aves,Piciformes,2017,11,13,-115.55262,35.31624,1,HUMAN_OBSERVATION,DOME,2020,44211.08459,1109,125
164811,Buteo swainsoni,Aves,Accipitriformes,2015,4,18,-120.174,35.9561,1,HUMAN_OBSERVATION,AVENAL,2008,945.3325,941,11
165256,Colaptes chrysoides,Aves,Piciformes,2016,3,20,-115.559975,35.33591,1,HUMAN_OBSERVATION,DOME,2020,44211.08459,1109,125
166131,Empidonax traillii,Aves,Passeriformes,2015,9,5,-121.06041,37.08305,1,HUMAN_OBSERVATION,ROMERO,2000,1706.85,873,52
166260,Haliaeetus leucocephalus,Aves,Accipitriformes,2010,12,6,-121.03,37.062,1,HUMAN_OBSERVATION,BASALT,2004,410.184,929,22
166453,Empidonax traillii,Aves,Passeriformes,1974,9,19,-116.58022,34.044693,1,HUMAN_OBSERVATION,PARADISE,2005,3081.726,271,23
166480,Buteo swainsoni,Aves,Accipitriformes,1978,5,6,-116.56447,34.035603,1,HUMAN_OBSERVATION,PARADISE,2005,3081.726,271,23
166480,Buteo swainsoni,Aves,Accipitriformes,1978,5,6,-116.56447,34.035603,1,HUMAN_OBSERVATION,MATZ,2017,14.05731,383,1
166926,Colaptes chrysoides,Aves,Piciformes,2017,4,1,-115.51266,35.25319,2,HUMAN_OBSERVATION,DOME,2020,44211.08459,1109,125
168223,Colaptes chrysoides,Aves,Piciformes,2009,6,28,-115.60192,35.277576,2,HUMAN_OBSERVATION,DOME,2020,44211.08459,1109,125
169072,Agelaius tricolor,Aves,Passeriformes,1989,4,21,-119.95521,35.351353,1,HUMAN_OBSERVATION,SODA,2011,1533.496,974,1
169580,Empidonax traillii,Aves,Passeriformes,2008,6,14,-116.22368,35.83723,1,HUMAN_OBSERVATION,TECOPA,2010,105.7345,291,17
170551,Colaptes chrysoides,Aves,Piciformes,2015,11,11,-115.52253,35.26816,1,HUMAN_OBSERVATION,DOME,2020,44211.08459,1109,125
170871,Haliaeetus leucocephalus,Aves,Accipitriformes,2020,12,1,-121.03,37.062,1,HUMAN_OBSERVATION,BASALT,2004,410.184,929,22
170884,Haliaeetus leucocephalus,Aves,Accipitriformes,2019,11,2,-121.03,37.062,1,HUMAN_OBSERVATION,BASALT,2004,410.184,929,22
171493,Haliaeetus leucocephalus,Aves,Accipitriformes,2016,1,29,-121.03,37.062,1,HUMAN_OBSERVATION,BASALT,2004,410.184,929,22
172085,Colaptes chrysoides,Aves,Piciformes,2012,4,8,-115.55262,35.31624,3,HUMAN_OBSERVATION,DOME,2020,44211.08459,1109,125
173177,Colaptes chrysoides,Aves,Piciformes,2010,6,1,-115.52253,35.26816,1,HUMAN_OBSERVATION,DOME,2020,44211.08459,1109,125
173315,Colaptes chrysoides,Aves,Piciformes,2017,4,1,-115.51266,35.25319,2,HUMAN_OBSERVATION,DOME,2020,44211.08459,1109,125
173433,Empidonax traillii,Aves,Passeriformes,2018,6,1,-116.44083,33.11509,1,HUMAN_OBSERVATION,NARROWS,2010,49.86191,296,3
173637,Colaptes chrysoides,Aves,Piciformes,2005,4,17,-115.60192,35.277576,1,HUMAN_OBSERVATION,DOME,2020,44211.08459,1109,125
173657,Haliaeetus leucocephalus,Aves,Accipitriformes,2016,9,25,-121.06041,37.08305,1,HUMAN_OBSERVATION,ROMERO,2000,1706.85,873,52
173782,Empidonax traillii,Aves,Passeriformes,2017,6,10,-116.2235,35.832287,1,HUMAN_OBSERVATION,TECOPA,2010,105.7345,291,17
175330,Buteo swainsoni,Aves,Accipitriformes,2012,4,2,-120.174,35.9561,1,HUMAN_OBSERVATION,AVENAL,2008,945.3325,941,11
176527,Haliaeetus leucocephalus,Aves,Accipitriformes,2019,9,7,-121.059135,37.07799,1,HUMAN_OBSERVATION,ROMERO,2000,1706.85,873,52
176527,Haliaeetus leucocephalus,Aves,Accipitriformes,2019,9,7,-121.059135,37.07799,1,HUMAN_OBSERVATION,ROMERO,2008,766.0438,938,5
176896,Colaptes chrysoides,Aves,Piciformes,2011,6,6,-115.51266,35.25319,1,HUMAN_OBSERVATION,DOME,2020,44211.08459,1109,125
177463,Haliaeetus leucocephalus,Aves,Accipitriformes,2019,9,7,-121.059135,37.07799,1,HUMAN_OBSERVATION,ROMERO,2000,1706.85,873,52
177463,Haliaeetus leucocephalus,Aves,Accipitriformes,2019,9,7,-121.059135,37.07799,1,HUMAN_OBSERVATION,ROMERO,2008,766.0438,938,5
177919,Agelaius tricolor,Aves,Passeriformes,2014,3,22,-117.83632,34.43565,8,HUMAN_OBSERVATION,BOBCAT,2020,115997.5701,1110,9
177971,Agelaius tricolor,Aves,Passeriformes,2010,4,25,-118.42824,34.71742,800,HUMAN_OBSERVATION,POWERHOUSE,2013,30267.57,418,6
178472,Colaptes chrysoides,Aves,Piciformes,2016,4,23,-115.52041,35.268417,1,HUMAN_OBSERVATION,DOME,2020,44211.08459,1109,125
178533,Haliaeetus leucocephalus,Aves,Accipitriformes,2014,11,20,-121.06037,37.081837,1,HUMAN_OBSERVATION,ROMERO,2000,1706.85,873,52
180146,Uma inornata,Reptilia,Squamata,2020,6,2,-116.634964,33.885931,1,HUMAN_OBSERVATION,BLAISDELL,2005,5491.788,505,2
180606,Gopherus agassizii,Reptilia,Testudines,2020,5,10,-115.458053,35.155551,1,HUMAN_OBSERVATION,WILDHORSE,2005,63771.3,565,31
181615,Rallus obsoletus yumanensis,Aves,Gruiformes,2010,3,1,-114.47947,32.881353,1,MACHINE_OBSERVATION,SENATOR,2012,47.72357,359,1
181933,Colaptes chrysoides,Aves,Piciformes,2002,7,4,-115.60192,35.277576,1,HUMAN_OBSERVATION,DOME,2020,44211.08459,1109,125
184202,Puma concolor,Mammalia,Carnivora,2021,2,2,-116.491302,33.11415,1,HUMAN_OBSERVATION,STEWART,2012,10630.18,417,19
184803,Puma concolor,Mammalia,Carnivora,2021,5,24,-116.549781,33.119337,1,HUMAN_OBSERVATION,PINES,2002,61691.24,263,17
186435,Ovis canadensis nelsoni,Mammalia,Artiodactyla,2015,5,3,-116.48599,33.006532,1,HUMAN_OBSERVATION,PINES,2002,61691.24,263,17
190686,Puma concolor,Mammalia,Carnivora,2018,3,7,-116.439233,33.045365,1,HUMAN_OBSERVATION,BANNER FIRE,2012,5320.116,329,2
190923,Colaptes chrysoides,Aves,Piciformes,2019,6,12,-115.51266,35.25319,1,HUMAN_OBSERVATION,DOME,2020,44211.08459,1109,125
191186,Puma concolor,Mammalia,Carnivora,2021,2,17,-116.465207,33.117121,1,HUMAN_OBSERVATION,STEWART,2012,10630.18,417,19
192361,Ovis canadensis nelsoni,Mammalia,Artiodactyla,2019,2,10,-116.4592,33.339504,1,HUMAN_OBSERVATION,EAGLE,2011,13992.99,314,16
192819,Puma concolor,Mammalia,Carnivora,2018,10,13,-116.445678,33.139073,1,HUMAN_OBSERVATION,STEWART,2012,10630.18,417,19
194164,Puma concolor,Mammalia,Carnivora,2018,11,23,-116.489722,33.239722,1,HUMAN_OBSERVATION,PINES,2002,61691.24,263,17
194403,Ovis canadensis nelsoni,Mammalia,Artiodactyla,2019,8,1,-116.572082,33.721104,1,HUMAN_OBSERVATION,MOUNTAIN,2013,27523.67,331,3
194598,Puma concolor,Mammalia,Carnivora,2021,2,19,-116.482596,33.154944,1,HUMAN_OBSERVATION,STEWART,2012,10630.18,417,19
194756,Ovis canadensis nelsoni,Mammalia,Artiodactyla,2017,11,5,-116.460326,33.315876,1,HUMAN_OBSERVATION,EAGLE,2011,13992.99,314,16
194860,Ovis canadensis nelsoni,Mammalia,Artiodactyla,2010,1,24,-116.475288,33.330674,1,HUMAN_OBSERVATION,EAGLE,2011,13992.99,314,16
195929,Uma inornata,Reptilia,Squamata,2019,5,2,-116.596677,33.864115,1,HUMAN_OBSERVATION,WINDY POINT,2011,541.494,410,1
196081,Puma concolor,Mammalia,Carnivora,2018,10,13,-116.445976,33.139283,1,HUMAN_OBSERVATION,STEWART,2012,10630.18,417,19
196876,Cyprinodon macularius,Actinopterygii,Cyprinodontiformes,2018,4,16,-116.491592,33.237761,1,HUMAN_OBSERVATION,PINES,2002,61691.24,263,17
197448,Ovis canadensis nelsoni,Mammalia,Artiodactyla,2014,4,27,-116.453499,33.239381,1,HUMAN_OBSERVATION,PINES,2002,61691.24,263,17
198130,Ovis canadensis nelsoni,Mammalia,Artiodactyla,2021,3,13,-116.573019,33.719911,1,HUMAN_OBSERVATION,MOUNTAIN,2013,27523.67,331,3
198298,Ammospermophilus nelsoni,Mammalia,Rodentia,2013,4,6,-119.898596,35.067225,1,HUMAN_OBSERVATION,COTTON,2010,2037.958,1092,1
198355,Puma concolor,Mammalia,Carnivora,2017,12,2,-116.480864,33.154476,1,HUMAN_OBSERVATION,STEWART,2012,10630.18,417,19
199258,Puma concolor,Mammalia,Carnivora,2019,9,9,-116.5691,34.047086,1,HUMAN_OBSERVATION,PARADISE,2005,3081.726,271,23
199319,Gopherus agassizii,Reptilia,Testudines,2018,4,22,-116.460499,34.182554,1,HUMAN_OBSERVATION,SAWTOOTH COMPLEX,2006,61767.18,261,1
199382,Ovis canadensis nelsoni,Mammalia,Artiodactyla,2019,3,8,-116.496453,33.321722,1,HUMAN_OBSERVATION,EAGLE,2011,13992.99,314,16
200033,Empidonax traillii,Aves,Passeriformes,2019,5,19,-116.570277,34.047443,1,HUMAN_OBSERVATION,PARADISE,2005,3081.726,271,23
200215,Ovis canadensis nelsoni,Mammalia,Artiodactyla,2009,5,17,-115.457143,35.163239,1,HUMAN_OBSERVATION,WILDHORSE,2005,63771.3,565,31
200452,Canis familiaris,Mammalia,Carnivora,2020,5,13,-117.868767,34.420462,1,HUMAN_OBSERVATION,BOBCAT,2020,115997.5701,1110,9
200794,Uma inornata,Reptilia,Squamata,2020,2,17,-116.742639,33.900467,1,HUMAN_OBSERVATION,ELM,2005,271.6541,76,1
201123,Gopherus agassizii,Reptilia,Testudines,2011,5,5,-115.500502,35.04149,1,HUMAN_OBSERVATION,WILDHORSE,2005,63771.3,565,31
206412,Ovis canadensis nelsoni,Mammalia,Artiodactyla,2012,10,20,-116.484486,33.230816,1,HUMAN_OBSERVATION,PINES,2002,61691.24,263,17
206698,Gopherus agassizii,Reptilia,Testudines,2014,4,6,-116.687901,33.882133,1,HUMAN_OBSERVATION,VERBENIA,2004,3831.371,82,2
206762,Ovis canadensis nelsoni,Mammalia,Artiodactyla,2014,11,29,-116.451327,33.235004,1,HUMAN_OBSERVATION,PINES,2002,61691.24,263,17
207132,Colaptes chrysoides,Aves,Piciformes,2012,4,15,-115.533394,35.29244,1,HUMAN_OBSERVATION,DOME,2020,44211.08459,1109,125
207660,Danaus plexippus,Insecta,Lepidoptera,2010,10,16,-116.567783,34.047289,1,HUMAN_OBSERVATION,PARADISE,2005,3081.726,271,23
207980,Ovis canadensis nelsoni,Mammalia,Artiodactyla,2012,4,28,-115.382668,35.160282,1,HUMAN_OBSERVATION,WILDHORSE,2005,63771.3,565,31
208022,Gopherus agassizii,Reptilia,Testudines,2010,4,10,-115.475297,35.080153,1,HUMAN_OBSERVATION,WILDHORSE,2005,63771.3,565,31
208067,Agelaius tricolor,Aves,Passeriformes,2016,2,28,-120.918945,36.680301,1,HUMAN_OBSERVATION,BROWN,2008,3786.915,935,3
224410,Agelaius tricolor,Aves,Passeriformes,2015,3,17,-118.4947,34.740421,1,HUMAN_OBSERVATION,LAKE,2020,30999.28856,1108,1
224662,Gopherus agassizii,Reptilia,Testudines,2015,10,6,-115.499763,35.043515,1,HUMAN_OBSERVATION,WILDHORSE,2005,63771.3,565,31
225181,Ovis canadensis nelsoni,Mammalia,Artiodactyla,2015,5,3,-116.547982,33.116638,1,HUMAN_OBSERVATION,PINES,2002,61691.24,263,17
225238,Puma concolor,Mammalia,Carnivora,2021,2,2,-116.446918,33.042199,1,HUMAN_OBSERVATION,BANNER FIRE,2012,5320.116,329,2
225300,Agelaius tricolor,Aves,Passeriformes,2015,3,14,-118.556457,34.767524,1,HUMAN_OBSERVATION,RANGE,2011,241.0146,311,1
226066,Colaptes chrysoides,Aves,Piciformes,2013,3,23,-115.55262,35.31624,1,HUMAN_OBSERVATION,DOME,2020,44211.08459,1109,125
227175,Colaptes chrysoides,Aves,Piciformes,2019,6,29,-115.51266,35.25319,1,HUMAN_OBSERVATION,DOME,2020,44211.08459,1109,125
227309,Colaptes chrysoides,Aves,Piciformes,2017,4,22,-115.56292,35.34181,1,HUMAN_OBSERVATION,DOME,2020,44211.08459,1109,125
227901,Empidonax traillii,Aves,Passeriformes,1991,8,26,-116.55894,34.046234,1,HUMAN_OBSERVATION,PARADISE,2005,3081.726,271,23
229331,Agelaius tricolor,Aves,Passeriformes,2014,11,29,-121.03,37.062,1,HUMAN_OBSERVATION,BASALT,2004,410.184,929,22
230383,Agelaius tricolor,Aves,Passeriformes,2016,1,30,-121.03,37.062,2,HUMAN_OBSERVATION,BASALT,2004,410.184,929,22
230810,Colaptes chrysoides,Aves,Piciformes,2018,2,9,-115.55262,35.31624,1,HUMAN_OBSERVATION,DOME,2020,44211.08459,1109,125
232284,Empidonax traillii,Aves,Passeriformes,2019,5,27,-116.2235,35.832287,1,HUMAN_OBSERVATION,TECOPA,2010,105.7345,291,17
232832,Empidonax traillii,Aves,Passeriformes,1985,8,14,-115.3593,35.1476,1,HUMAN_OBSERVATION,WILDHORSE,2005,63771.3,565,31
233013,Colaptes chrysoides,Aves,Piciformes,1999,4,22,-115.51266,35.25319,1,HUMAN_OBSERVATION,DOME,2020,44211.08459,1109,125
233643,Colaptes chrysoides,Aves,Piciformes,2015,5,25,-115.51266,35.25319,1,HUMAN_OBSERVATION,DOME,2020,44211.08459,1109,125
233693,Haliaeetus leucocephalus,Aves,Accipitriformes,2020,12,1,-121.03,37.062,2,HUMAN_OBSERVATION,BASALT,2004,410.184,929,22
234024,Empidonax traillii,Aves,Passeriformes,2019,5,11,-115.55262,35.31624,1,HUMAN_OBSERVATION,DOME,2020,44211.08459,1109,125
235480,Empidonax traillii,Aves,Passeriformes,1987,6,4,-116.5709,34.0423,1,HUMAN_OBSERVATION,PARADISE,2005,3081.726,271,23
238007,Haliaeetus leucocephalus,Aves,Accipitriformes,2018,12,10,-121.06041,37.08305,1,HUMAN_OBSERVATION,ROMERO,2000,1706.85,873,52
238071,Haliaeetus leucocephalus,Aves,Accipitriformes,2010,1,23,-117.31063,34.30521,3,HUMAN_OBSERVATION,OLD,2003,91428,512,6
238436,Empidonax traillii,Aves,Passeriformes,2014,5,23,-119.58132,35.025692,3,HUMAN_OBSERVATION,SODA,2016,2000.281,1086,4
238468,Haliaeetus leucocephalus,Aves,Accipitriformes,2015,3,12,-121.06041,37.08305,1,HUMAN_OBSERVATION,ROMERO,2000,1706.85,873,52
238503,Colaptes chrysoides,Aves,Piciformes,2010,7,16,-115.51266,35.25319,1,HUMAN_OBSERVATION,DOME,2020,44211.08459,1109,125
239388,Riparia riparia,Aves,Passeriformes,2016,7,26,-121.03,37.062,2,HUMAN_OBSERVATION,BASALT,2004,410.184,929,22
239978,Agelaius tricolor,Aves,Passeriformes,2018,4,8,-121.30736,37.44076,50,HUMAN_OBSERVATION,DEL PUERTO,2020,390647.2556,1112,15
240025,Gymnogyps californianus,Aves,Accipitriformes,2012,10,8,-119.408,34.926193,1,HUMAN_OBSERVATION,SCHOOL,2014,223.7788,1094,4
240385,Haliaeetus leucocephalus,Aves,Accipitriformes,2019,1,3,-121.03,37.062,1,HUMAN_OBSERVATION,BASALT,2004,410.184,929,22
241271,Empidonax traillii,Aves,Passeriformes,2007,5,19,-116.2235,35.832287,1,HUMAN_OBSERVATION,TECOPA,2010,105.7345,291,17
241762,Colaptes chrysoides,Aves,Piciformes,2010,5,22,-115.55262,35.31624,1,HUMAN_OBSERVATION,DOME,2020,44211.08459,1109,125
241873,Colaptes chrysoides,Aves,Piciformes,2020,6,2,-115.51266,35.25319,2,HUMAN_OBSERVATION,DOME,2020,44211.08459,1109,125
241897,Colaptes chrysoides,Aves,Piciformes,2019,6,19,-115.51266,35.25319,2,HUMAN_OBSERVATION,DOME,2020,44211.08459,1109,125
242259,Colaptes chrysoides,Aves,Piciformes,2016,4,2,-115.55262,35.31624,1,HUMAN_OBSERVATION,DOME,2020,44211.08459,1109,125
242302,Colaptes chrysoides,Aves,Piciformes,2019,5,26,-115.51266,35.25319,3,HUMAN_OBSERVATION,DOME,2020,44211.08459,1109,125
242566,Colaptes chrysoides,Aves,Piciformes,2020,6,2,-115.51266,35.25319,2,HUMAN_OBSERVATION,DOME,2020,44211.08459,1109,125
242783,Colaptes chrysoides,Aves,Piciformes,2015,5,25,-115.51266,35.25319,1,HUMAN_OBSERVATION,DOME,2020,44211.08459,1109,125
242893,Buteo swainsoni,Aves,Accipitriformes,2010,5,22,-115.55262,35.31624,1,HUMAN_OBSERVATION,DOME,2020,44211.08459,1109,125
242967,Buteo swainsoni,Aves,Accipitriformes,2010,3,21,-116.47182,33.099594,1,HUMAN_OBSERVATION,STEWART,2012,10630.18,417,19
243226,Empidonax traillii,Aves,Passeriformes,2007,8,23,-118.0907,36.68119,1,HUMAN_OBSERVATION,MOFFAT,2018,1253.925,351,3
243308,Buteo swainsoni,Aves,Accipitriformes,2017,5,6,-121.06041,37.08305,1,HUMAN_OBSERVATION,ROMERO,2000,1706.85,873,52
243888,Colaptes chrysoides,Aves,Piciformes,2014,4,6,-115.60192,35.277576,1,HUMAN_OBSERVATION,DOME,2020,44211.08459,1109,125
244591,Haliaeetus leucocephalus,Aves,Accipitriformes,2017,5,6,-121.06041,37.08305,1,HUMAN_OBSERVATION,ROMERO,2000,1706.85,873,52
245100,Colaptes chrysoides,Aves,Piciformes,2019,6,20,-115.51266,35.25319,1,HUMAN_OBSERVATION,DOME,2020,44211.08459,1109,125
245650,Buteo swainsoni,Aves,Accipitriformes,2019,6,16,-118.94054,34.968582,20,HUMAN_OBSERVATION,PARKWAY,2009,689.9021,946,1
245780,Colaptes chrysoides,Aves,Piciformes,2017,7,27,-115.386314,35.177177,1,HUMAN_OBSERVATION,WILDHORSE,2005,63771.3,565,31
246439,Empidonax traillii,Aves,Passeriformes,2018,5,14,-116.44083,33.11509,1,HUMAN_OBSERVATION,NARROWS,2010,49.86191,296,3
246518,Agelaius tricolor,Aves,Passeriformes,2014,3,22,-117.83632,34.43565,8,HUMAN_OBSERVATION,BOBCAT,2020,115997.5701,1110,9
248988,Buteo swainsoni,Aves,Accipitriformes,2010,5,22,-115.55262,35.31624,1,HUMAN_OBSERVATION,DOME,2020,44211.08459,1109,125
249284,Buteo swainsoni,Aves,Accipitriformes,2012,4,2,-120.17971,35.922237,1,HUMAN_OBSERVATION,GARZA,2017,48886.66,1045,2
250580,Colaptes chrysoides,Aves,Piciformes,2014,6,9,-115.51595,35.26065,1,HUMAN_OBSERVATION,DOME,2020,44211.08459,1109,125
251329,Colaptes chrysoides,Aves,Piciformes,2017,11,13,-115.55262,35.31624,1,HUMAN_OBSERVATION,DOME,2020,44211.08459,1109,125
251434,Haliaeetus leucocephalus,Aves,Accipitriformes,2020,10,28,-117.31063,34.30521,2,HUMAN_OBSERVATION,OLD,2003,91428,512,6
251922,Haliaeetus leucocephalus,Aves,Accipitriformes,2019,12,3,-121.06041,37.08305,2,HUMAN_OBSERVATION,ROMERO,2000,1706.85,873,52
252143,Buteo swainsoni,Aves,Accipitriformes,2019,6,19,-121.15877,37.169483,6,HUMAN_OBSERVATION,MCCABE,2015,1728.974,997,3
252143,Buteo swainsoni,Aves,Accipitriformes,2019,6,19,-121.15877,37.169483,6,HUMAN_OBSERVATION,DEL PUERTO,2020,390647.2556,1112,15
252936,Colaptes chrysoides,Aves,Piciformes,2019,5,26,-115.51266,35.25319,2,HUMAN_OBSERVATION,DOME,2020,44211.08459,1109,125
253699,Haliaeetus leucocephalus,Aves,Accipitriformes,2018,5,2,-121.30736,37.44076,1,HUMAN_OBSERVATION,DEL PUERTO,2020,390647.2556,1112,15
254274,Haliaeetus leucocephalus,Aves,Accipitriformes,2015,6,1,-121.06041,37.08305,1,HUMAN_OBSERVATION,ROMERO,2000,1706.85,873,52
255234,Haliaeetus leucocephalus,Aves,Accipitriformes,2019,9,7,-121.06041,37.08305,1,HUMAN_OBSERVATION,ROMERO,2000,1706.85,873,52
256424,Agelaius tricolor,Aves,Passeriformes,2015,12,27,-119.504425,34.894554,2,HUMAN_OBSERVATION,HWY166,2004,65.16033,856,2
257396,Empidonax traillii,Aves,Passeriformes,2015,6,7,-115.43524,35.131176,2,HUMAN_OBSERVATION,WILDHORSE,2005,63771.3,565,31
257462,Haliaeetus leucocephalus,Aves,Accipitriformes,2016,1,29,-121.03,37.062,1,HUMAN_OBSERVATION,BASALT,2004,410.184,929,22
257791,Empidonax traillii,Aves,Passeriformes,2007,5,26,-115.33627,35.160686,2,HUMAN_OBSERVATION,WILDHORSE,2005,63771.3,565,31
257936,Colaptes chrysoides,Aves,Piciformes,2019,6,25,-115.51266,35.25319,2,HUMAN_OBSERVATION,DOME,2020,44211.08459,1109,125
259069,Colaptes chrysoides,Aves,Piciformes,2012,4,7,-115.55262,35.31624,2,HUMAN_OBSERVATION,DOME,2020,44211.08459,1109,125
259894,Agelaius tricolor,Aves,Passeriformes,1999,3,27,-120.174,35.9561,1,HUMAN_OBSERVATION,AVENAL,2008,945.3325,941,11
260060,Colaptes chrysoides,Aves,Piciformes,2019,6,30,-115.51266,35.25319,2,HUMAN_OBSERVATION,DOME,2020,44211.08459,1109,125
260918,Colaptes chrysoides,Aves,Piciformes,2014,6,9,-115.52253,35.26816,1,HUMAN_OBSERVATION,DOME,2020,44211.08459,1109,125
261054,Colaptes chrysoides,Aves,Piciformes,1997,4,13,-115.33627,35.160686,1,HUMAN_OBSERVATION,WILDHORSE,2005,63771.3,565,31
262030,Colaptes chrysoides,Aves,Piciformes,2019,6,7,-115.51266,35.25319,2,HUMAN_OBSERVATION,DOME,2020,44211.08459,1109,125
262150,Agelaius tricolor,Aves,Passeriformes,2019,6,13,-121.06041,37.08305,1,HUMAN_OBSERVATION,ROMERO,2000,1706.85,873,52
263266,Puma concolor,Mammalia,Carnivora,2018,10,13,-116.444997,33.139342,1,HUMAN_OBSERVATION,STEWART,2012,10630.18,417,19
263423,Empidonax traillii,Aves,Passeriformes,2018,5,19,-115.434535,35.132071,1,HUMAN_OBSERVATION,WILDHORSE,2005,63771.3,565,31
264322,Ammospermophilus nelsoni,Mammalia,Rodentia,2017,4,8,-119.577792,35.023225,1,HUMAN_OBSERVATION,SODA,2016,2000.281,1086,4
264965,Colaptes chrysoides,Aves,Piciformes,2019,9,20,-115.51916,35.266975,1,HUMAN_OBSERVATION,DOME,2020,44211.08459,1109,125
265718,Haliaeetus leucocephalus,Aves,Accipitriformes,2020,10,17,-121.06041,37.08305,1,HUMAN_OBSERVATION,ROMERO,2000,1706.85,873,52
269833,Puma concolor,Mammalia,Carnivora,2018,10,13,-116.445738,33.139138,1,HUMAN_OBSERVATION,STEWART,2012,10630.18,417,19
269879,Gopherus agassizii,Reptilia,Testudines,2010,4,17,-115.445679,35.040239,1,HUMAN_OBSERVATION,WILDHORSE,2005,63771.3,565,31
270366,Cyprinodon macularius,Actinopterygii,Cyprinodontiformes,2017,3,30,-116.482358,33.353615,1,HUMAN_OBSERVATION,EAGLE,2011,13992.99,314,16
270559,Buteo swainsoni,Aves,Accipitriformes,2016,3,23,-116.58022,34.044693,1,HUMAN_OBSERVATION,PARADISE,2005,3081.726,271,23
270799,Ovis canadensis nelsoni,Mammalia,Artiodactyla,2020,9,5,-116.505214,33.343826,1,HUMAN_OBSERVATION,EAGLE,2011,13992.99,314,16
271251,Colaptes chrysoides,Aves,Piciformes,2018,5,26,-115.514772,35.255447,1,HUMAN_OBSERVATION,DOME,2020,44211.08459,1109,125
271424,Puma concolor,Mammalia,Carnivora,2019,5,12,-116.482965,33.154898,1,HUMAN_OBSERVATION,STEWART,2012,10630.18,417,19
271867,Cyprinodon macularius,Actinopterygii,Cyprinodontiformes,2017,1,29,-116.440214,33.286175,1,HUMAN_OBSERVATION,PALM#1,2002,94.97114,264,1
271867,Cyprinodon macularius,Actinopterygii,Cyprinodontiformes,2017,1,29,-116.440214,33.286175,1,HUMAN_OBSERVATION,EAGLE,2011,13992.99,314,16
272325,Ovis canadensis nelsoni,Mammalia,Artiodactyla,2021,5,26,-116.478575,33.250691,1,HUMAN_OBSERVATION,PINES,2002,61691.24,263,17
272904,Danaus plexippus,Insecta,Lepidoptera,2019,10,13,-115.430253,35.124617,1,HUMAN_OBSERVATION,WILDHORSE,2005,63771.3,565,31
273163,Colaptes chrysoides,Aves,Piciformes,2016,4,29,-115.51991,35.268375,2,HUMAN_OBSERVATION,DOME,2020,44211.08459,1109,125
273395,Colaptes chrysoides,Aves,Piciformes,2021,4,29,-115.545737,35.316235,1,HUMAN_OBSERVATION,DOME,2020,44211.08459,1109,125
273526,Agelaius tricolor,Aves,Passeriformes,2021,4,3,-121.241922,37.425191,1,HUMAN_OBSERVATION,DEL PUERTO,2020,390647.2556,1112,15
278533,Empidonax traillii,Aves,Passeriformes,2016,5,28,-121.299144,37.44186,1,HUMAN_OBSERVATION,DEL PUERTO,2020,390647.2556,1112,15
280223,Danaus plexippus,Insecta,Lepidoptera,2018,7,2,-116.566907,34.047416,1,HUMAN_OBSERVATION,PARADISE,2005,3081.726,271,23
