usagekey	scientificname	rank	status	matchtype	canonicalname	confidence	kingdom	phylum	order	family	genus	species	kingdomkey	phylumkey	classkey	orderkey	familykey	genuskey	specieskey	synonym	class	original_sciname	acceptedusagekey	note
2293077	Haliotis cracherodii Leach, 1814	species	ACCEPTED	EXACT	Haliotis cracherodii	99	Animalia	Mollusca	Lepetellida	Haliotidae	Haliotis	Haliotis cracherodii	1	52	225	9799313	3245014	2293068	2293077	FALSE	Gastropoda	Haliotis cracherodii	NA	NA
2293070	Haliotis sorenseni Bartsch, 1940	species	ACCEPTED	EXACT	Haliotis sorenseni	99	Animalia	Mollusca	Lepetellida	Haliotidae	Haliotis	Haliotis sorenseni	1	52	225	9799313	3245014	2293068	2293070	FALSE	Gastropoda	Haliotis sorenseni	NA	NA
2296175	Helminthoglypta walkeriana (Hemphill, 1911)	species	ACCEPTED	EXACT	Helminthoglypta walkeriana	99	Animalia	Mollusca	Stylommatophora	Xanthonychidae	Helminthoglypta	Helminthoglypta walkeriana	1	52	225	1456	6528	2296121	2296175	FALSE	Gastropoda	Helminthoglypta walkeriana	NA	NA
10040426	Monadenia infumata setosa Talmadge, 1952	subspecies	SYNONYM	EXACT	Monadenia infumata setosa	98	Animalia	Mollusca	Stylommatophora	Xanthonychidae	Monadenia	Monadenia setosa	1	52	225	1456	6528	2297136	5191178	TRUE	Gastropoda	Monadenia infumata setosa	5191178	NA
2235369	Branchinecta conservatio Eng, Belk & Eriksen, 1990	species	ACCEPTED	EXACT	Branchinecta conservatio	99	Animalia	Arthropoda	Anostraca	Branchinectidae	Branchinecta	Branchinecta conservatio	1	54	281	544	3675	2235347	2235369	FALSE	Branchiopoda	Branchinecta conservatio	NA	NA
2235355	Branchinecta longiantenna Eng, Belk & Eriksen, 1990	species	ACCEPTED	EXACT	Branchinecta longiantenna	99	Animalia	Arthropoda	Anostraca	Branchinectidae	Branchinecta	Branchinecta longiantenna	1	54	281	544	3675	2235347	2235355	FALSE	Branchiopoda	Branchinecta longiantenna	NA	NA
2235372	Branchinecta lynchi Eng, Belk & Eriksen, 1990	species	ACCEPTED	EXACT	Branchinecta lynchi	99	Animalia	Arthropoda	Anostraca	Branchinectidae	Branchinecta	Branchinecta lynchi	1	54	281	544	3675	2235347	2235372	FALSE	Branchiopoda	Branchinecta lynchi	NA	NA
2235356	Branchinecta sandiegonensis Fugate, 1993	species	ACCEPTED	EXACT	Branchinecta sandiegonensis	99	Animalia	Arthropoda	Anostraca	Branchinectidae	Branchinecta	Branchinecta sandiegonensis	1	54	281	544	3675	2235347	2235356	FALSE	Branchiopoda	Branchinecta sandiegonensis	NA	NA
2235165	Streptocephalus woottoni Eng, Belk & Eriksen, 1990	species	ACCEPTED	EXACT	Streptocephalus woottoni	99	Animalia	Arthropoda	Anostraca	Streptocephalidae	Streptocephalus	Streptocephalus woottoni	1	54	281	544	3679	2235108	2235165	FALSE	Branchiopoda	Streptocephalus woottoni	NA	NA
8738801	Streptocephalus watsoni Packard, 1877	species	SYNONYM	FUZZY	Streptocephalus watsoni	9	Animalia	Arthropoda	Anostraca	Streptocephalidae	Streptocephalus	Streptocephalus texanus	1	54	281	544	3679	2235108	2235136	TRUE	Branchiopoda	Streptocephalus woottoni	2235136	Similarity: name=5; authorship=0; classification=-2; rank=6; status=0
5180071	Lepidurus packardi Simon, 1886	species	ACCEPTED	EXACT	Lepidurus packardi	99	Animalia	Arthropoda	Notostraca	Triopsidae	Lepidurus	Lepidurus packardi	1	54	281	1159	2235047	2235049	5180071	FALSE	Branchiopoda	Lepidurus packardi	NA	NA
2226989	Pacifastacus fortis (Faxon, 1914)	species	ACCEPTED	EXACT	Pacifastacus fortis	99	Animalia	Arthropoda	Decapoda	Astacidae	Pacifastacus	Pacifastacus fortis	1	54	229	637	8022	2226987	2226989	FALSE	Malacostraca	Pacifastacus fortis	NA	NA
2223027	Syncaris pacifica (Holmes, 1895)	species	ACCEPTED	EXACT	Syncaris pacifica	99	Animalia	Arthropoda	Decapoda	Atyidae	Syncaris	Syncaris pacifica	1	54	229	637	4475	2223026	2223027	FALSE	Malacostraca	Syncaris pacifica	NA	NA
1709171	Trimerotropis infantilis Rentz & Weissman, 1984	species	ACCEPTED	EXACT	Trimerotropis infantilis	99	Animalia	Arthropoda	Orthoptera	Acrididae	Trimerotropis	Trimerotropis infantilis	1	54	216	1458	9394	9793490	1709171	FALSE	Insecta	Trimerotropis infantilis	NA	NA
1034911	Cicindela ohlone Freitag & Kavanaugh, 1993	species	ACCEPTED	EXACT	Cicindela ohlone	99	Animalia	Arthropoda	Coleoptera	Carabidae	Cicindela	Cicindela ohlone	1	54	216	1470	3792	1034699	1034911	FALSE	Insecta	Cicindela ohlone	NA	NA
9241825	Cicindela chloe Dokhtouroff, 1887	species	SYNONYM	FUZZY	Cicindela chloe	9	Animalia	Arthropoda	Coleoptera	Carabidae	Jansenia	Jansenia chloropleura	1	54	216	1470	3792	3259947	7850174	TRUE	Insecta	Cicindela ohlone	9217192	Similarity: name=5; authorship=0; classification=-2; rank=6; status=0
4292519	Desmocerus californicus dimorphus Fisher, 1921	subspecies	ACCEPTED	EXACT	Desmocerus californicus dimorphus	98	Animalia	Arthropoda	Coleoptera	Cerambycidae	Desmocerus	Desmocerus californicus	1	54	216	1470	5602	1137334	4292518	FALSE	Insecta	Desmocerus californicus dimorphus	NA	NA
1054051	Dinacoma caseyi Blaisdell, 1930	species	ACCEPTED	EXACT	Dinacoma caseyi	99	Animalia	Arthropoda	Coleoptera	Melolonthidae	Dinacoma	Dinacoma caseyi	1	54	216	1470	5593	1054050	1054051	FALSE	Insecta	Dinacoma caseyi	NA	NA
1035540	Elaphrus viridis G.Horn, 1878	species	ACCEPTED	EXACT	Elaphrus viridis	97	Animalia	Arthropoda	Coleoptera	Carabidae	Elaphrus	Elaphrus viridis	1	54	216	1470	3792	1035537	1035540	FALSE	Insecta	Elaphrus viridis	NA	NA
7701256	Elaphrus viridis Letzner, 1849	species	SYNONYM	EXACT	Elaphrus viridis	97	Animalia	Arthropoda	Coleoptera	Carabidae	Elaphrus	Elaphrus riparius	1	54	216	1470	3792	1035537	1035551	TRUE	Insecta	Elaphrus viridis	1035551	Similarity: name=110; authorship=0; classification=-2; rank=6; status=0
9160466	Elaphrus viridis Sparre-Schneider, 1888	species	SYNONYM	EXACT	Elaphrus viridis	97	Animalia	Arthropoda	Coleoptera	Carabidae	Elaphrus	Elaphrus lapponicus	1	54	216	1470	3792	1035537	1035542	TRUE	Insecta	Elaphrus viridis	4473323	Similarity: name=110; authorship=0; classification=-2; rank=6; status=0
1057467	Polyphylla barbata Cazier, 1938	species	ACCEPTED	EXACT	Polyphylla barbata	99	Animalia	Arthropoda	Coleoptera	Melolonthidae	Polyphylla	Polyphylla barbata	1	54	216	1470	5593	1057359	1057467	FALSE	Insecta	Polyphylla barbata	NA	NA
1591138	Rhaphiomidas terminatus Cazier, 1941	species	ACCEPTED	HIGHERRANK	Rhaphiomidas terminatus	99	Animalia	Arthropoda	Diptera	Mydidae	Rhaphiomidas	Rhaphiomidas terminatus	1	54	216	811	9497	1591115	1591138	FALSE	Insecta	Rhaphiomidas terminatus abdominalis	NA	NA
4299055	Apodemia mormo langei Comstock, 1939	subspecies	DOUBTFUL	EXACT	Apodemia mormo langei	97	Animalia	Arthropoda	Lepidoptera	Lycaenidae	Apodemia	Apodemia mormo	1	54	216	797	5473	1934338	1934362	FALSE	Insecta	Apodemia mormo langei	NA	NA
4300280	Callophrys mossii bayensis R.Brown, 1969	subspecies	ACCEPTED	EXACT	Callophrys mossii bayensis	98	Animalia	Arthropoda	Lepidoptera	Lycaenidae	Callophrys	Callophrys mossii	1	54	216	797	5473	1932378	4300277	FALSE	Insecta	Callophrys mossii bayensis	NA	NA
5133088	Danaus plexippus (Linnaeus, 1758)	species	ACCEPTED	EXACT	Danaus plexippus	99	Animalia	Arthropoda	Lepidoptera	Nymphalidae	Danaus	Danaus plexippus	1	54	216	797	7017	5133087	5133088	FALSE	Insecta	Danaus plexippus	NA	NA
4300234	Euphilotes battoides allyni (Shields, 1975)	subspecies	SYNONYM	EXACT	Euphilotes battoides allyni	98	Animalia	Arthropoda	Lepidoptera	Lycaenidae	Euphilotes	Euphilotes bernardino	1	54	216	797	5473	1925996	4300212	TRUE	Insecta	Euphilotes battoides allyni	8718640	NA
4300176	Euphilotes battoides ellisi (Shields, 1975)	subspecies	SYNONYM	FUZZY	Euphilotes battoides ellisi	8	Animalia	Arthropoda	Lepidoptera	Lycaenidae	Euphilotes	Euphilotes ellisii	1	54	216	797	5473	1925996	4300172	TRUE	Insecta	Euphilotes battoides allyni	7259517	Similarity: name=5; authorship=0; classification=-2; rank=5; status=0
4300193	Euphilotes enoptes smithi (Mattoni, 1954)	subspecies	ACCEPTED	EXACT	Euphilotes enoptes smithi	98	Animalia	Arthropoda	Lepidoptera	Lycaenidae	Euphilotes	Euphilotes enoptes	1	54	216	797	5473	1925996	1926009	FALSE	Insecta	Euphilotes enoptes smithi	NA	NA
4299317	Euphydryas editha bayensis Sternitzky, 1937	subspecies	SYNONYM	EXACT	Euphydryas editha bayensis	98	Animalia	Arthropoda	Lepidoptera	Nymphalidae	Euphydryas	Occidryas editha	1	54	216	797	7017	1895130	1908011	TRUE	Insecta	Euphydryas editha bayensis	1908011	NA
4299338	Euphydryas editha quino (Behr, 1863)	subspecies	SYNONYM	EXACT	Euphydryas editha quino	98	Animalia	Arthropoda	Lepidoptera	Nymphalidae	Euphydryas	Occidryas chalcedona	1	54	216	797	7017	1895130	1908055	TRUE	Insecta	Euphydryas editha quino	6233633	NA
1862664	Euproserpinus euterpe Edwards, 1888	species	ACCEPTED	EXACT	Euproserpinus euterpe	99	Animalia	Arthropoda	Lepidoptera	Sphingidae	Euproserpinus	Euproserpinus euterpe	1	54	216	797	8868	1862659	1862664	FALSE	Insecta	Euproserpinus euterpe	NA	NA
4300145	Glaucopsyche lygdamus palosverdesensis Perkins & Emmel, 1977	subspecies	ACCEPTED	EXACT	Glaucopsyche lygdamus palosverdesensis	98	Animalia	Arthropoda	Lepidoptera	Lycaenidae	Glaucopsyche	Glaucopsyche lygdamus	1	54	216	797	5473	1924047	1924106	FALSE	Insecta	Glaucopsyche lygdamus palosverdesensis	NA	NA
5714554	Lycaena hermes (W.H.Edwards, 1870)	species	SYNONYM	EXACT	Lycaena hermes	98	Animalia	Arthropoda	Lepidoptera	Lycaenidae	Hermelycaena	Hermelycaena hermes	1	54	216	797	5473	1925407	1925408	TRUE	Insecta	Lycaena hermes	1925408	NA
5714668	Plebejus icarioides missionensis Hovanitz, 1937	subspecies	SYNONYM	EXACT	Plebejus icarioides missionensis	98	Animalia	Arthropoda	Lepidoptera	Lycaenidae	Icaricia	Icaricia icarioides	1	54	216	797	5473	1932052	1932056	TRUE	Insecta	Plebejus icarioides missionensis	4300078	NA
5714690	Plebejus idas (Linnaeus, 1761)	species	ACCEPTED	HIGHERRANK	Plebejus idas	99	Animalia	Arthropoda	Lepidoptera	Lycaenidae	Plebejus	Plebejus idas	1	54	216	797	5473	1923058	5714690	FALSE	Insecta	Plebejus idas lotis	NA	NA
4301418	Pseudocopaeodes eunus obscurus Austin & J.Emmel, 1998-01	subspecies	ACCEPTED	EXACT	Pseudocopaeodes eunus obscurus	98	Animalia	Arthropoda	Lepidoptera	Hesperiidae	Pseudocopaeodes	Pseudocopaeodes eunus	1	54	216	797	6953	1950189	1950192	FALSE	Insecta	Pseudocopaeodes eunus obscurus	NA	NA
5715180	Pyrgus ruralis lagunae Scott, 1981	subspecies	ACCEPTED	EXACT	Pyrgus ruralis lagunae	98	Animalia	Arthropoda	Lepidoptera	Hesperiidae	Pyrgus	Pyrgus ruralis	1	54	216	797	6953	1949704	5142372	FALSE	Insecta	Pyrgus ruralis lagunae	NA	NA
7206001	Speyeria callippe callippe	subspecies	ACCEPTED	EXACT	Speyeria callippe callippe	98	Animalia	Arthropoda	Lepidoptera	Nymphalidae	Speyeria	Speyeria callippe	1	54	216	797	7017	1905150	1905267	FALSE	Insecta	Speyeria callippe callippe	NA	NA
4299420	Speyeria zerene behrensii Edwards, 1869	subspecies	ACCEPTED	EXACT	Speyeria zerene behrensii	98	Animalia	Arthropoda	Lepidoptera	Nymphalidae	Speyeria	Speyeria zerene	1	54	216	797	7017	1905150	1905281	FALSE	Insecta	Speyeria zerene behrensii	NA	NA
4299418	Speyeria zerene hippolyta Edwards, 1879	subspecies	ACCEPTED	EXACT	Speyeria zerene hippolyta	98	Animalia	Arthropoda	Lepidoptera	Nymphalidae	Speyeria	Speyeria zerene	1	54	216	797	7017	1905150	1905281	FALSE	Insecta	Speyeria zerene hippolyta	NA	NA
4299410	Speyeria zerene myrtleae Dos Passos & Grey, 1945	subspecies	ACCEPTED	EXACT	Speyeria zerene myrtleae	98	Animalia	Arthropoda	Lepidoptera	Nymphalidae	Speyeria	Speyeria zerene	1	54	216	797	7017	1905150	1905281	FALSE	Insecta	Speyeria zerene myrtleae	NA	NA
1340280	Bombus crotchii Cresson, 1879	species	ACCEPTED	EXACT	Bombus crotchii	99	Animalia	Arthropoda	Hymenoptera	Apidae	Bombus	Bombus crotchii	1	54	216	1457	4334	1340278	1340280	FALSE	Insecta	Bombus crotchii	NA	NA
1340443	Bombus franklini (Frison, 1921)	species	ACCEPTED	EXACT	Bombus franklini	99	Animalia	Arthropoda	Hymenoptera	Apidae	Bombus	Bombus franklini	1	54	216	1457	4334	1340278	1340443	FALSE	Insecta	Bombus franklini	NA	NA
1340429	Bombus occidentalis Greene, 1858	species	ACCEPTED	EXACT	Bombus occidentalis	99	Animalia	Arthropoda	Hymenoptera	Apidae	Bombus	Bombus occidentalis	1	54	216	1457	4334	1340278	1340429	FALSE	Insecta	Bombus occidentalis	NA	NA
11064826	Bombus orientalis Smith, 1854	species	SYNONYM	FUZZY	Bombus orientalis	9	Animalia	Arthropoda	Hymenoptera	Apidae	Bombus	Bombus haemorrhoidalis	1	54	216	1457	4334	1340278	1340356	TRUE	Insecta	Bombus occidentalis	1340356	Similarity: name=5; authorship=0; classification=-2; rank=6; status=0
4968116	Boavus occidentalis Marsh, 1871	species	ACCEPTED	FUZZY	Boavus occidentalis	0	Animalia	Chordata	Squamata	Boidae	Boavus	Boavus occidentalis	1	44	358	715	2464897	4820523	4968116	FALSE	Reptilia	Bombus occidentalis	NA	Similarity: name=-10; authorship=0; classification=-2; rank=6; status=1
5787908	Barbus occidentalis Boulenger, 1911	species	SYNONYM	FUZZY	Barbus occidentalis	0	Animalia	Chordata	Cypriniformes	Cyprinidae	Labeobarbus	Labeobarbus bynni	1	44	204	1153	7336	8078638	5787940	TRUE	Actinopterygii	Bombus occidentalis	5787940	Similarity: name=-10; authorship=0; classification=-2; rank=6; status=0
4123123	Bromus occidentalis (Nevski) Pavlov	species	SYNONYM	FUZZY	Bromus occidentalis	0	Plantae	Tracheophyta	Poales	Poaceae	Bromus	Bromus pumpellianus	6	7707728	196	1369	3073	2703642	4154191	TRUE	Liliopsida	Bombus occidentalis	4154191	Similarity: name=-10; authorship=0; classification=-2; rank=6; status=0
1340283	Bombus suckleyi Greene, 1860	species	ACCEPTED	EXACT	Bombus suckleyi	99	Animalia	Arthropoda	Hymenoptera	Apidae	Bombus	Bombus suckleyi	1	54	216	1457	4334	1340278	1340283	FALSE	Insecta	Bombus suckleyi	NA	NA
2402118	Acipenser medirostris Ayres, 1854	species	ACCEPTED	EXACT	Acipenser medirostris	99	Animalia	Chordata	Acipenseriformes	Acipenseridae	Acipenser	Acipenser medirostris	1	44	204	1103	2947	2340025	2402118	FALSE	Actinopterygii	Acipenser medirostris	NA	NA
2360113	Gila crassicauda (Baird & Girard, 1854)	species	ACCEPTED	EXACT	Gila crassicauda	99	Animalia	Chordata	Cypriniformes	Cyprinidae	Gila	Gila crassicauda	1	44	204	1153	7336	2360060	2360113	FALSE	Actinopterygii	Gila crassicauda	NA	NA
2360109	Gila elegans Baird & Girard, 1853	species	ACCEPTED	EXACT	Gila elegans	99	Animalia	Chordata	Cypriniformes	Cyprinidae	Gila	Gila elegans	1	44	204	1153	7336	2360060	2360109	FALSE	Actinopterygii	Gila elegans	NA	NA
3787604	Guioa elegans Radlk.	species	ACCEPTED	FUZZY	Guioa elegans	0	Plantae	Tracheophyta	Sapindales	Sapindaceae	Guioa	Guioa elegans	6	7707728	220	933	6657	7265035	3787604	FALSE	Magnoliopsida	Gila elegans	NA	Similarity: name=-10; authorship=0; classification=-2; rank=6; status=1
8742103	Lavinia exilicauda chi Hopkirk, 1974	subspecies	SYNONYM	EXACT	Lavinia exilicauda chi	98	Animalia	Chordata	Cypriniformes	Cyprinidae	Lavinia	Lavinia exilicauda	1	44	204	1153	7336	2361594	5206009	TRUE	Actinopterygii	Lavinia exilicauda chi	5206009	NA
5205692	Ptychocheilus lucius Girard, 1856	species	ACCEPTED	EXACT	Ptychocheilus lucius	99	Animalia	Chordata	Cypriniformes	Cyprinidae	Ptychocheilus	Ptychocheilus lucius	1	44	204	1153	7336	2360013	5205692	FALSE	Actinopterygii	Ptychocheilus lucius	NA	NA
5205693	Ptychocheilus lucidus Girard, 1856	species	SYNONYM	FUZZY	Ptychocheilus lucidus	92	Animalia	Chordata	Cypriniformes	Cyprinidae	Ptychocheilus	Ptychocheilus lucius	1	44	204	1153	7336	2360013	5205692	TRUE	Actinopterygii	Ptychocheilus lucius	5205692	Similarity: name=95; authorship=0; classification=-2; rank=6; status=0
9450405	Siphateles bicolor mohavensis Snyder, 1918	subspecies	ACCEPTED	EXACT	Siphateles bicolor mohavensis	98	Animalia	Chordata	Cypriniformes	Cyprinidae	Siphateles	Siphateles bicolor	1	44	204	1153	7336	2366943	8197854	FALSE	Actinopterygii	Siphateles bicolor mohavensis	NA	NA
9508387	Siphateles bicolor snyderi (Miller, 1973)	subspecies	SYNONYM	EXACT	Siphateles bicolor snyderi	98	Animalia	Chordata	Cypriniformes	Cyprinidae	Siphateles	Siphateles bicolor	1	44	204	1153	7336	2366943	8197854	TRUE	Actinopterygii	Siphateles bicolor snyderi	8197854	NA
2359043	Catostomus microps Rutter, 1908	species	ACCEPTED	EXACT	Catostomus microps	99	Animalia	Chordata	Cypriniformes	Catostomidae	Catostomus	Catostomus microps	1	44	204	1153	3384	2359013	2359043	FALSE	Actinopterygii	Catostomus microps	NA	NA
2340344	Chaetostomus microps Günther, 1864	species	SYNONYM	FUZZY	Chaetostomus microps	0	Animalia	Chordata	Siluriformes	Loricariidae	Chaetostoma	Chaetostoma microps	1	44	204	708	5158	2340283	5202386	TRUE	Actinopterygii	Catostomus microps	5202386	Similarity: name=-10; authorship=0; classification=-2; rank=6; status=0
2359031	Catostomus santaanae (Snyder, 1908)	species	ACCEPTED	EXACT	Catostomus santaanae	99	Animalia	Chordata	Cypriniformes	Catostomidae	Catostomus	Catostomus santaanae	1	44	204	1153	3384	2359013	2359031	FALSE	Actinopterygii	Catostomus santaanae	NA	NA
2359089	Chasmistes brevirostris Cope, 1879	species	ACCEPTED	EXACT	Chasmistes brevirostris	99	Animalia	Chordata	Cypriniformes	Catostomidae	Chasmistes	Chasmistes brevirostris	1	44	204	1153	3384	2359088	2359089	FALSE	Actinopterygii	Chasmistes brevirostris	NA	NA
2358958	Deltistes luxatus (Cope, 1879)	species	ACCEPTED	EXACT	Deltistes luxatus	99	Animalia	Chordata	Cypriniformes	Catostomidae	Deltistes	Deltistes luxatus	1	44	204	1153	3384	2358957	2358958	FALSE	Actinopterygii	Deltistes luxatus	NA	NA
2359095	Xyrauchen texanus (Abbott, 1860)	species	ACCEPTED	EXACT	Xyrauchen texanus	99	Animalia	Chordata	Cypriniformes	Catostomidae	Xyrauchen	Xyrauchen texanus	1	44	204	1153	3384	2359094	2359095	FALSE	Actinopterygii	Xyrauchen texanus	NA	NA
2410879	Hypomesus transpacificus McAllister, 1963	species	ACCEPTED	EXACT	Hypomesus transpacificus	99	Animalia	Chordata	Osmeriformes	Osmeridae	Hypomesus	Hypomesus transpacificus	1	44	204	1068	8480	2410868	2410879	FALSE	Actinopterygii	Hypomesus transpacificus	NA	NA
2410897	Spirinchus thaleichthys (Ayres, 1860)	species	ACCEPTED	EXACT	Spirinchus thaleichthys	99	Animalia	Chordata	Osmeriformes	Osmeridae	Spirinchus	Spirinchus thaleichthys	1	44	204	1068	8480	2410894	2410897	FALSE	Actinopterygii	Spirinchus thaleichthys	NA	NA
2410903	Thaleichthys pacificus (Richardson, 1836)	species	ACCEPTED	EXACT	Thaleichthys pacificus	99	Animalia	Chordata	Osmeriformes	Osmeridae	Thaleichthys	Thaleichthys pacificus	1	44	204	1068	8480	2410902	2410903	FALSE	Actinopterygii	Thaleichthys pacificus	NA	NA
5711984	Oncorhynchus clarkii henshawi (Gill & Jordan, 1878)	subspecies	SYNONYM	EXACT	Oncorhynchus clarkii henshawi	98	Animalia	Chordata	Salmoniformes	Salmonidae	Oncorhynchus	Oncorhynchus henshawi	1	44	204	1313	8615	2351426	11115657	TRUE	Actinopterygii	Oncorhynchus clarkii henshawi	11115657	NA
5711987	Oncorhynchus clarkii seleniris (Snyder, 1933)	subspecies	ACCEPTED	EXACT	Oncorhynchus clarkii seleniris	98	Animalia	Chordata	Salmoniformes	Salmonidae	Oncorhynchus	Oncorhynchus clarkii	1	44	204	1313	8615	2351426	5711980	FALSE	Actinopterygii	Oncorhynchus clarkii seleniris	NA	NA
5204034	Oncorhynchus kisutch (Walbaum, 1792)	species	ACCEPTED	EXACT	Oncorhynchus kisutch	99	Animalia	Chordata	Salmoniformes	Salmonidae	Oncorhynchus	Oncorhynchus kisutch	1	44	204	1313	8615	2351426	5204034	FALSE	Actinopterygii	Oncorhynchus kisutch	NA	NA
5961609	Oncorhynchus kisatch (Walbaum, 1792)	species	SYNONYM	FUZZY	Oncorhynchus kisatch	92	Animalia	Chordata	Salmoniformes	Salmonidae	Oncorhynchus	Oncorhynchus kisutch	1	44	204	1313	8615	2351426	5204034	TRUE	Actinopterygii	Oncorhynchus kisutch	5204034	Similarity: name=95; authorship=0; classification=-2; rank=6; status=0
7193471	Oncorhynchus kisutsh (Walbaum, 1792)	species	SYNONYM	FUZZY	Oncorhynchus kisutsh	92	Animalia	Chordata	Salmoniformes	Salmonidae	Oncorhynchus	Oncorhynchus kisutch	1	44	204	1313	8615	2351426	5204034	TRUE	Actinopterygii	Oncorhynchus kisutch	5204034	Similarity: name=95; authorship=0; classification=-2; rank=6; status=0
5711995	Oncorhynchus mykiss irideus (Gibbons, 1955)	subspecies	ACCEPTED	EXACT	Oncorhynchus mykiss irideus	98	Animalia	Chordata	Salmoniformes	Salmonidae	Oncorhynchus	Oncorhynchus mykiss	1	44	204	1313	8615	2351426	5204019	FALSE	Actinopterygii	Oncorhynchus mykiss irideus	NA	NA
5711991	Oncorhynchus mykiss whitei (Evermann, 1906)	subspecies	ACCEPTED	EXACT	Oncorhynchus mykiss whitei	98	Animalia	Chordata	Salmoniformes	Salmonidae	Oncorhynchus	Oncorhynchus mykiss	1	44	204	1313	8615	2351426	5204019	FALSE	Actinopterygii	Oncorhynchus mykiss whitei	NA	NA
5204024	Oncorhynchus tshawytscha (Walbaum, 1792)	species	ACCEPTED	EXACT	Oncorhynchus tshawytscha	99	Animalia	Chordata	Salmoniformes	Salmonidae	Oncorhynchus	Oncorhynchus tshawytscha	1	44	204	1313	8615	2351426	5204024	FALSE	Actinopterygii	Oncorhynchus tshawytscha	NA	NA
5204026	Oncorhynchus tshawytsha (Walbaum, 1792)	species	SYNONYM	FUZZY	Oncorhynchus tshawytsha	92	Animalia	Chordata	Salmoniformes	Salmonidae	Oncorhynchus	Oncorhynchus tshawytscha	1	44	204	1313	8615	2351426	5204024	TRUE	Actinopterygii	Oncorhynchus tshawytscha	5204024	Similarity: name=95; authorship=0; classification=-2; rank=6; status=0
5204025	Oncorhynchus tschawytscha (Walbaum, 1792)	species	SYNONYM	FUZZY	Oncorhynchus tschawytscha	9	Animalia	Chordata	Salmoniformes	Salmonidae	Oncorhynchus	Oncorhynchus tshawytscha	1	44	204	1313	8615	2351426	5204024	TRUE	Actinopterygii	Oncorhynchus tshawytscha	5204024	Similarity: name=5; authorship=0; classification=-2; rank=6; status=0
2351244	Salvelinus confluentus (Suckley, 1859)	species	ACCEPTED	EXACT	Salvelinus confluentus	99	Animalia	Chordata	Salmoniformes	Salmonidae	Salvelinus	Salvelinus confluentus	1	44	204	1313	8615	2351241	2351244	FALSE	Actinopterygii	Salvelinus confluentus	NA	NA
2347892	Cyprinodon macularius Baird & Girard, 1853	species	ACCEPTED	EXACT	Cyprinodon macularius	99	Animalia	Chordata	Cyprinodontiformes	Cyprinodontidae	Cyprinodon	Cyprinodon macularius	1	44	204	547	7656	2346622	2347892	FALSE	Actinopterygii	Cyprinodon macularius	NA	NA
6165252	Cyprinodon nevadensis calidae Miller, 1948	subspecies	SYNONYM	EXACT	Cyprinodon nevadensis calidae	98	Animalia	Chordata	Cyprinodontiformes	Cyprinodontidae	Cyprinodon	Cyprinodon nevadensis	1	44	204	547	7656	2346622	4284433	TRUE	Actinopterygii	Cyprinodon nevadensis calidae	4284433	NA
2347874	Cyprinodon radiosus Miller, 1948	species	ACCEPTED	EXACT	Cyprinodon radiosus	99	Animalia	Chordata	Cyprinodontiformes	Cyprinodontidae	Cyprinodon	Cyprinodon radiosus	1	44	204	547	7656	2346622	2347874	FALSE	Actinopterygii	Cyprinodon radiosus	NA	NA
2347929	Cyprinodon labiosus Humphries & Miller, 1981	species	ACCEPTED	FUZZY	Cyprinodon labiosus	10	Animalia	Chordata	Cyprinodontiformes	Cyprinodontidae	Cyprinodon	Cyprinodon labiosus	1	44	204	547	7656	2346622	2347929	FALSE	Actinopterygii	Cyprinodon radiosus	NA	Similarity: name=5; authorship=0; classification=-2; rank=6; status=1
6165261	Cyprinodon salinus milleri LaBounty & Deacon, 1972	subspecies	SYNONYM	EXACT	Cyprinodon salinus milleri	98	Animalia	Chordata	Cyprinodontiformes	Cyprinodontidae	Cyprinodon	Cyprinodon salinus	1	44	204	547	7656	2346622	4284441	TRUE	Actinopterygii	Cyprinodon salinus milleri	4284441	NA
6169883	Gasterosteus aculeatus williamsoni Girard, 1854	subspecies	SYNONYM	EXACT	Gasterosteus aculeatus williamsoni	98	Animalia	Chordata	Gasterosteiformes	Gasterosteidae	Gasterosteus	Gasterosteus aculeatus	1	44	204	550	7666	2333602	4286327	TRUE	Actinopterygii	Gasterosteus aculeatus williamsoni	4286327	NA
2334152	Cottus asperrimus Rutter, 1908	species	ACCEPTED	EXACT	Cottus asperrimus	99	Animalia	Chordata	Scorpaeniformes	Cottidae	Cottus	Cottus asperrimus	1	44	204	590	8621	2334066	2334152	FALSE	Actinopterygii	Cottus asperrimus	NA	NA
2334153	Cottus asperrima Rutter, 1908	species	SYNONYM	FUZZY	Cottus asperrima	94	Animalia	Chordata	Scorpaeniformes	Cottidae	Cottus	Cottus asperrimus	1	44	204	590	8621	2334066	2334152	TRUE	Actinopterygii	Cottus asperrimus	2334152	Similarity: name=100; authorship=0; classification=-2; rank=6; status=0
2378650	Eucyclogobius newberryi (Girard, 1856)	species	ACCEPTED	EXACT	Eucyclogobius newberryi	99	Animalia	Chordata	Perciformes	Gobiidae	Eucyclogobius	Eucyclogobius newberryi	1	44	204	587	4274	2378649	2378650	FALSE	Actinopterygii	Eucyclogobius newberryi	NA	NA
2431960	Ambystoma californiense Gray, 1853	species	ACCEPTED	EXACT	Ambystoma californiense	99	Animalia	Chordata	Caudata	Ambystomatidae	Ambystoma	Ambystoma californiense	1	44	131	953	3101	2431549	2431960	FALSE	Amphibia	Ambystoma californiense	NA	NA
4287326	Ambyostoma californiense Gray, 1853	species	SYNONYM	FUZZY	Ambyostoma californiense	79	Animalia	Chordata	Caudata	Ambystomatidae	Ambystoma	Ambystoma californiense	1	44	131	953	3101	2431549	2431960	TRUE	Amphibia	Ambystoma californiense	2431960	Similarity: name=75; authorship=0; classification=-2; rank=6; status=0
6170146	Ambystoma macrodactylum croceum Russell & Anderson, 1956	subspecies	SYNONYM	EXACT	Ambystoma macrodactylum croceum	98	Animalia	Chordata	Caudata	Ambystomatidae	Ambystoma	Ambystoma macrodactylum	1	44	131	953	3101	2431549	2431965	TRUE	Amphibia	Ambystoma macrodactylum croceum	2431965	NA
6170187	Batrachoseps major aridus Brame, 1970	subspecies	SYNONYM	EXACT	Batrachoseps major aridus	98	Animalia	Chordata	Caudata	Plethodontidae	Batrachoseps	Batrachoseps major	1	44	131	953	6748	2431747	2431763	TRUE	Amphibia	Batrachoseps major aridus	2431763	NA
2431755	Batrachoseps simatus Brame & Murray, 1968	species	ACCEPTED	EXACT	Batrachoseps simatus	99	Animalia	Chordata	Caudata	Plethodontidae	Batrachoseps	Batrachoseps simatus	1	44	131	953	6748	2431747	2431755	FALSE	Amphibia	Batrachoseps simatus	NA	NA
2431775	Batrachoseps stebbinsi Brame & Murray, 1968	species	ACCEPTED	EXACT	Batrachoseps stebbinsi	99	Animalia	Chordata	Caudata	Plethodontidae	Batrachoseps	Batrachoseps stebbinsi	1	44	131	953	6748	2431747	2431775	FALSE	Amphibia	Batrachoseps stebbinsi	NA	NA
2431663	Hydromantes shastae Gorman & Camp, 1953	species	ACCEPTED	EXACT	Hydromantes shastae	99	Animalia	Chordata	Caudata	Plethodontidae	Hydromantes	Hydromantes shastae	1	44	131	953	6748	2431660	2431663	FALSE	Amphibia	Hydromantes shastae	NA	NA
2431664	Hydromantes brunus Gorman, 1954	species	ACCEPTED	EXACT	Hydromantes brunus	99	Animalia	Chordata	Caudata	Plethodontidae	Hydromantes	Hydromantes brunus	1	44	131	953	6748	2431660	2431664	FALSE	Amphibia	Hydromantes brunus	NA	NA
2431523	Plethodon asupak Mead, Clayton, Nauman, Olson & Pfrender, 2005	species	ACCEPTED	EXACT	Plethodon asupak	99	Animalia	Chordata	Caudata	Plethodontidae	Plethodon	Plethodon asupak	1	44	131	953	6748	2431477	2431523	FALSE	Amphibia	Plethodon asupak	NA	NA
2431533	Plethodon stormi Highton & Brame, 1965	species	ACCEPTED	EXACT	Plethodon stormi	99	Animalia	Chordata	Caudata	Plethodontidae	Plethodon	Plethodon stormi	1	44	131	953	6748	2431477	2431533	FALSE	Amphibia	Plethodon stormi	NA	NA
2422897	Anaxyrus californicus (Camp, 1915)	species	ACCEPTED	EXACT	Anaxyrus californicus	99	Animalia	Chordata	Anura	Bufonidae	Anaxyrus	Anaxyrus californicus	1	44	131	952	6727	2422857	2422897	FALSE	Amphibia	Anaxyrus californicus	NA	NA
1379967	Anagyrus californicus (Compere, 1947)	species	ACCEPTED	FUZZY	Anagyrus californicus	80	Animalia	Arthropoda	Hymenoptera	Encyrtidae	Anagyrus	Anagyrus californicus	1	54	216	1457	9440	1379817	1379967	FALSE	Insecta	Anaxyrus californicus	NA	Similarity: name=75; authorship=0; classification=-2; rank=6; status=1
2422932	Anaxyrus canorus (Camp, 1916)	species	ACCEPTED	EXACT	Anaxyrus canorus	99	Animalia	Chordata	Anura	Bufonidae	Anaxyrus	Anaxyrus canorus	1	44	131	952	6727	2422857	2422932	FALSE	Amphibia	Anaxyrus canorus	NA	NA
2422884	Anaxyrus exsul (Myers, 1942)	species	ACCEPTED	EXACT	Anaxyrus exsul	99	Animalia	Chordata	Anura	Bufonidae	Anaxyrus	Anaxyrus exsul	1	44	131	952	6727	2422857	2422884	FALSE	Amphibia	Anaxyrus exsul	NA	NA
2426814	Rana boylii Baird, 1854	species	ACCEPTED	EXACT	Rana boylii	99	Animalia	Chordata	Anura	Ranidae	Rana	Rana boylii	1	44	131	952	6746	2422253	2426814	FALSE	Amphibia	Rana boylii	NA	NA
2426771	Rana cascadae Slater, 1939	species	ACCEPTED	EXACT	Rana cascadae	99	Animalia	Chordata	Anura	Ranidae	Rana	Rana cascadae	1	44	131	952	6746	2422253	2426771	FALSE	Amphibia	Rana cascadae	NA	NA
11075572	Rana cascadii Slater, 1939	species	SYNONYM	FUZZY	Rana cascadii	90	Animalia	Chordata	Anura	Ranidae	Rana	Rana cascadae	1	44	131	952	6746	2422253	2426771	TRUE	Amphibia	Rana cascadae	2426771	Similarity: name=90; authorship=0; classification=-2; rank=6; status=0
2426756	Rana draytonii Baird & Girard, 1852	species	ACCEPTED	EXACT	Rana draytonii	99	Animalia	Chordata	Anura	Ranidae	Rana	Rana draytonii	1	44	131	952	6746	2422253	2426756	FALSE	Amphibia	Rana draytonii	NA	NA
8848271	Rana arathooni Smith, 1927	species	SYNONYM	FUZZY	Rana arathooni	9	Animalia	Chordata	Anura	Dicroglossidae	Limnonectes	Limnonectes arathooni	1	44	131	952	6733	2430447	2430456	TRUE	Amphibia	Rana draytonii	2430456	Similarity: name=5; authorship=0; classification=-2; rank=6; status=0
2426791	Rana muscosa Camp, 1917	species	ACCEPTED	EXACT	Rana muscosa	99	Animalia	Chordata	Anura	Ranidae	Rana	Rana muscosa	1	44	131	952	6746	2422253	2426791	FALSE	Amphibia	Rana muscosa	NA	NA
8874008	Raja mucosa Lacépède, 1798	species	ACCEPTED	FUZZY	Raja mucosa	0	Animalia	Chordata	Rajiformes	Rajidae	Raja	Raja mucosa	1	44	121	884	5877	2342057	8874008	FALSE	Elasmobranchii	Rana muscosa	NA	Similarity: name=-10; authorship=0; classification=-2; rank=6; status=1
7376335	Rosa muscosa Aiton	species	SYNONYM	FUZZY	Rosa muscosa	0	Plantae	Tracheophyta	Rosales	Rosaceae	Rosa	Rosa centifolia	6	7707728	220	691	5015	8395064	8207703	TRUE	Magnoliopsida	Rana muscosa	8207703	Similarity: name=-10; authorship=0; classification=-2; rank=6; status=0
3005746	Rosa ×muscosa Mill.	species	SYNONYM	FUZZY	Rosa muscosa	0	Plantae	Tracheophyta	Rosales	Rosaceae	Rosa	Rosa centifolia	6	7707728	220	691	5015	8395064	3002410	TRUE	Magnoliopsida	Rana muscosa	3002410	Similarity: name=-10; authorship=0; classification=-2; rank=6; status=0
8786983	Raja mucosa Steller, 1814	species	DOUBTFUL	FUZZY	Raja mucosa	0	Animalia	Chordata	Rajiformes	Rajidae	Raja	Raja mucosa	1	44	121	884	5877	2342057	8786983	FALSE	Elasmobranchii	Rana muscosa	NA	Similarity: name=-10; authorship=0; classification=-2; rank=6; status=-5
2426776	Rana pretiosa Baird & Girard, 1853	species	ACCEPTED	EXACT	Rana pretiosa	99	Animalia	Chordata	Anura	Ranidae	Rana	Rana pretiosa	1	44	131	952	6746	2422253	2426776	FALSE	Amphibia	Rana pretiosa	NA	NA
8615039	Renea pretiosa (Andreae, 1904)	species	ACCEPTED	FUZZY	Renea pretiosa	0	Animalia	Mollusca	Architaenioglossa	Aciculidae	Renea	Renea pretiosa	1	52	225	455	3244657	3244658	8615039	FALSE	Gastropoda	Rana pretiosa	NA	Similarity: name=-10; authorship=0; classification=-2; rank=6; status=1
2426754	Rana sierrae Camp, 1917	species	ACCEPTED	EXACT	Rana sierrae	99	Animalia	Chordata	Anura	Ranidae	Rana	Rana sierrae	1	44	131	952	6746	2422253	2426754	FALSE	Amphibia	Rana sierrae	NA	NA
8813658	Rana aberae Ahl, 1925	species	SYNONYM	FUZZY	Rana aberae	9	Animalia	Chordata	Anura	Ptychadenidae	Ptychadena	Ptychadena anchietae	1	44	131	952	6745	2428884	2428904	TRUE	Amphibia	Rana sierrae	2428904	Similarity: name=5; authorship=0; classification=-2; rank=6; status=0
8894817	Caretta caretta (Linnaeus, 1758)	species	ACCEPTED	EXACT	Caretta caretta	99	Animalia	Chordata	Testudines	Cheloniidae	Caretta	Caretta caretta	1	44	358	793	9413	2442177	8894817	FALSE	Reptilia	Caretta caretta	NA	NA
2442225	Chelonia mydas (Linnaeus, 1758)	species	ACCEPTED	EXACT	Chelonia mydas	97	Animalia	Chordata	Testudines	Cheloniidae	Chelonia	Chelonia mydas	1	44	358	793	9413	2441864	2442225	FALSE	Reptilia	Chelonia mydas	NA	NA
8940269	Chelonia mydas Gray, 1831	species	SYNONYM	EXACT	Chelonia mydas	97	Animalia	Chordata	Testudines	Cheloniidae	Chelonia	Chelonia mydas	1	44	358	793	9413	2441864	2442225	TRUE	Reptilia	Chelonia mydas	2442225	Similarity: name=110; authorship=0; classification=-2; rank=6; status=0
5220380	Chelone mydas Boulenger, 1889	species	SYNONYM	FUZZY	Chelone mydas	69	Animalia	Chordata	Testudines	Cheloniidae	Chelonia	Chelonia mydas	1	44	358	793	9413	2441864	2442225	TRUE	Reptilia	Chelonia mydas	2442225	Similarity: name=65; authorship=0; classification=-2; rank=6; status=0
2442153	Lepidochelys olivacea (Eschscholtz, 1829)	species	ACCEPTED	EXACT	Lepidochelys olivacea	99	Animalia	Chordata	Testudines	Cheloniidae	Lepidochelys	Lepidochelys olivacea	1	44	358	793	9413	2442152	2442153	FALSE	Reptilia	Lepidochelys olivacea	NA	NA
9789983	Dermochelys coriacea (Vandelli, 1761)	species	ACCEPTED	EXACT	Dermochelys coriacea	98	Animalia	Chordata	Testudines	Dermochelyidae	Dermochelys	Dermochelys coriacea	1	44	358	793	5464	2441865	9789983	FALSE	Reptilia	Dermochelys coriacea	NA	NA
2441866	Dermochelys coriacea (Linnaeus, 1766)	species	DOUBTFUL	EXACT	Dermochelys coriacea	96	Animalia	Chordata	Testudines	Dermochelyidae	Dermochelys	Dermochelys coriacea	1	44	358	793	5464	2441865	2441866	FALSE	Reptilia	Dermochelys coriacea	NA	Similarity: name=110; authorship=0; classification=-2; rank=6; status=-5
11302113	Dermocheles coriacea	species	SYNONYM	FUZZY	Dermocheles coriacea	79	Animalia	Chordata	Testudines	Dermochelyidae	Dermochelys	Dermochelys coriacea	1	44	358	793	5464	2441865	9789983	TRUE	Reptilia	Dermochelys coriacea	9789983	Similarity: name=75; authorship=0; classification=-2; rank=6; status=0
2441873	Dermatochelys coriacea Günther, 1864	species	SYNONYM	FUZZY	Dermatochelys coriacea	69	Animalia	Chordata	Testudines	Dermochelyidae	Dermochelys	Dermochelys coriacea	1	44	358	793	5464	2441865	9789983	TRUE	Reptilia	Dermochelys coriacea	9789983	Similarity: name=65; authorship=0; classification=-2; rank=6; status=0
2441814	Gopherus agassizii (Cooper, 1861)	species	ACCEPTED	EXACT	Gopherus agassizii	99	Animalia	Chordata	Testudines	Testudinidae	Gopherus	Gopherus agassizii	1	44	358	793	9618	2441807	2441814	FALSE	Reptilia	Gopherus agassizii	NA	NA
2447231	Coleonyx switaki (Murphy, 1974)	species	ACCEPTED	EXACT	Coleonyx switaki	99	Animalia	Chordata	Squamata	Eublepharidae	Coleonyx	Coleonyx switaki	1	44	358	715	4287502	2447230	2447231	FALSE	Reptilia	Coleonyx switaki	NA	NA
5227128	Gambelia sila (Stejneger, 1890)	species	ACCEPTED	EXACT	Gambelia sila	99	Animalia	Chordata	Squamata	Crotaphytidae	Gambelia	Gambelia sila	1	44	358	715	5663	2470635	5227128	FALSE	Reptilia	Gambelia sila	NA	NA
2451133	Uma inornata Cope, 1895	species	ACCEPTED	EXACT	Uma inornata	99	Animalia	Chordata	Squamata	Phrynosomatidae	Uma	Uma inornata	1	44	358	715	5016	2451132	2451133	FALSE	Reptilia	Uma inornata	NA	NA
1666226	Usia inornata Engel, 1932	species	ACCEPTED	FUZZY	Usia inornata	0	Animalia	Arthropoda	Diptera	Bombyliidae	Usia	Usia inornata	1	54	216	811	7285	1666205	1666226	FALSE	Insecta	Uma inornata	NA	Similarity: name=-10; authorship=0; classification=-2; rank=6; status=1
2451740	Xantusia riversiana Cope, 1883	species	ACCEPTED	EXACT	Xantusia riversiana	97	Animalia	Chordata	Squamata	Xantusiidae	Xantusia	Xantusia riversiana	1	44	358	715	5025	2451720	2451740	FALSE	Reptilia	Xantusia riversiana	NA	NA
11320883	Xantusia riversiana Cope	species	SYNONYM	EXACT	Xantusia riversiana	97	Animalia	Chordata	Squamata	Xantusiidae	Xantusia	Xantusia riversiana	1	44	358	715	5025	2451720	2451740	TRUE	Reptilia	Xantusia riversiana	2451740	Similarity: name=110; authorship=0; classification=-2; rank=6; status=0
7434392	Charina umbratica Klauber, 1943	species	ACCEPTED	EXACT	Charina umbratica	99	Animalia	Chordata	Squamata	Boidae	Charina	Charina umbratica	1	44	358	715	2464897	2465150	7434392	FALSE	Reptilia	Charina umbratica	NA	NA
6161705	Masticophis lateralis euryxanthus (Riemer, 1954)	subspecies	ACCEPTED	EXACT	Masticophis lateralis euryxanthus	98	Animalia	Chordata	Squamata	Colubridae	Masticophis	Masticophis lateralis	1	44	358	715	6172	2452132	7688390	FALSE	Reptilia	Masticophis lateralis euryxanthus	NA	NA
2457491	Thamnophis gigas Fitch, 1940	species	ACCEPTED	EXACT	Thamnophis gigas	99	Animalia	Chordata	Squamata	Colubridae	Thamnophis	Thamnophis gigas	1	44	358	715	6172	2457825	2457491	FALSE	Reptilia	Thamnophis gigas	NA	NA
6161469	Thamnophis sirtalis tetrataenia (Cope In Yarrow, 1875)	subspecies	ACCEPTED	EXACT	Thamnophis sirtalis tetrataenia	98	Animalia	Chordata	Squamata	Colubridae	Thamnophis	Thamnophis sirtalis	1	44	358	715	6172	2457825	2457522	FALSE	Reptilia	Thamnophis sirtalis tetrataenia	NA	NA
5232458	Branta hutchinsii leucopareia (Brandt, 1836)	subspecies	ACCEPTED	EXACT	Branta hutchinsii leucopareia	98	Animalia	Chordata	Anseriformes	Anatidae	Branta	Branta hutchinsii	1	44	212	1108	2986	2498190	5232452	FALSE	Aves	Branta hutchinsii leucopareia	NA	NA
2481385	Phoebastria albatrus (Pallas, 1769)	species	ACCEPTED	EXACT	Phoebastria albatrus	99	Animalia	Chordata	Procellariiformes	Diomedeidae	Phoebastria	Phoebastria albatrus	1	44	212	7192755	5238	2481378	2481385	FALSE	Aves	Phoebastria albatrus	NA	NA
5229161	Pelecanus occidentalis californicus Ridgway, 1884	subspecies	ACCEPTED	EXACT	Pelecanus occidentalis californicus	98	Animalia	Chordata	Pelecaniformes	Pelecanidae	Pelecanus	Pelecanus occidentalis	1	44	212	7190953	9329	10650925	5229158	FALSE	Aves	Pelecanus occidentalis californicus	NA	NA
2481920	Gymnogyps californianus (Shaw, 1797)	species	ACCEPTED	EXACT	Gymnogyps californianus	99	Animalia	Chordata	Accipitriformes	Cathartidae	Gymnogyps	Gymnogyps californianus	1	44	212	7191147	3242141	2481919	2481920	FALSE	Aves	Gymnogyps californianus	NA	NA
2480562	Buteo swainsoni Bonaparte, 1838	species	ACCEPTED	EXACT	Buteo swainsoni	99	Animalia	Chordata	Accipitriformes	Accipitridae	Buteo	Buteo swainsoni	1	44	212	7191147	2877	2480517	2480562	FALSE	Aves	Buteo swainsoni	NA	NA
2480446	Haliaeetus leucocephalus (Linnaeus, 1766)	species	ACCEPTED	EXACT	Haliaeetus leucocephalus	99	Animalia	Chordata	Accipitriformes	Accipitridae	Haliaeetus	Haliaeetus leucocephalus	1	44	212	7191147	2877	2480444	2480446	FALSE	Aves	Haliaeetus leucocephalus	NA	NA
6177974	Falco peregrinus anatum Bonaparte, 1838	subspecies	ACCEPTED	EXACT	Falco peregrinus anatum	97	Animalia	Chordata	Falconiformes	Falconidae	Falco	Falco peregrinus	1	44	212	7191407	5240	2480996	2481047	FALSE	Aves	Falco peregrinus anatum	NA	NA
9336356	Falco peregrinus f. anatum Bonaparte, 1838	form	ACCEPTED	EXACT	Falco peregrinus anatum	97	Animalia	Chordata	Falconiformes	Falconidae	Falco	Falco peregrinus	1	44	212	7191407	5240	2480996	2481047	FALSE	Aves	Falco peregrinus anatum	NA	Similarity: name=110; authorship=0; classification=-2; rank=5; status=1
6177976	Falco peregrinus tundrius C.M.White, 1968	subspecies	ACCEPTED	EXACT	Falco peregrinus tundrius	98	Animalia	Chordata	Falconiformes	Falconidae	Falco	Falco peregrinus	1	44	212	7191407	5240	2480996	2481047	FALSE	Aves	Falco peregrinus tundrius	NA	NA
6176697	Laterallus jamaicensis coturniculus (Ridgway, 1874)	subspecies	ACCEPTED	EXACT	Laterallus jamaicensis coturniculus	98	Animalia	Chordata	Gruiformes	Rallidae	Laterallus	Laterallus jamaicensis	1	44	212	1493	9342	2474584	2474590	FALSE	Aves	Laterallus jamaicensis coturniculus	NA	NA
9135908	Rallus obsoletus levipes Bangs, 1899	subspecies	ACCEPTED	EXACT	Rallus obsoletus levipes	98	Animalia	Chordata	Gruiformes	Rallidae	Rallus	Rallus obsoletus	1	44	212	1493	9342	2474794	7449585	FALSE	Aves	Rallus obsoletus levipes	NA	NA
9006862	Rallus obsoletus obsoletus	subspecies	ACCEPTED	EXACT	Rallus obsoletus obsoletus	98	Animalia	Chordata	Gruiformes	Rallidae	Rallus	Rallus obsoletus	1	44	212	1493	9342	2474794	7449585	FALSE	Aves	Rallus obsoletus obsoletus	NA	NA
9065502	Rallus obsoletus yumanensis Dickey, 1923	subspecies	ACCEPTED	EXACT	Rallus obsoletus yumanensis	98	Animalia	Chordata	Gruiformes	Rallidae	Rallus	Rallus obsoletus	1	44	212	1493	9342	2474794	7449585	FALSE	Aves	Rallus obsoletus yumanensis	NA	NA
6176784	Grus canadensis tabida J.L.Peters, 1925	subspecies	ACCEPTED	EXACT	Grus canadensis tabida	98	Animalia	Chordata	Gruiformes	Gruidae	Grus	Grus canadensis	1	44	212	1493	9313	2474940	2474953	FALSE	Aves	Grus canadensis tabida	NA	NA
6065880	Charadrius nivosus nivosus	subspecies	ACCEPTED	EXACT	Charadrius nivosus nivosus	98	Animalia	Chordata	Charadriiformes	Charadriidae	Charadrius	Charadrius nivosus	1	44	212	7192402	2480210	2480277	6065879	FALSE	Aves	Charadrius nivosus nivosus	NA	NA
6065775	Sternula antillarum browni (Mearns, 1916)	subspecies	ACCEPTED	EXACT	Sternula antillarum browni	98	Animalia	Chordata	Charadriiformes	Laridae	Sternula	Sternula antillarum	1	44	212	7192402	9316	4849628	5789285	FALSE	Aves	Sternula antillarum browni	NA	NA
5229236	Sterna antillarum browni Mearns, 1916	subspecies	SYNONYM	FUZZY	Sterna antillarum browni	74	Animalia	Chordata	Charadriiformes	Laridae	Sternula	Sternula antillarum	1	44	212	7192402	9316	4849628	5789285	TRUE	Aves	Sternula antillarum browni	6065775	Similarity: name=71; authorship=0; classification=-2; rank=5; status=0
5229281	Brachyramphus marmoratus (Gmelin, 1789)	species	ACCEPTED	EXACT	Brachyramphus marmoratus	99	Animalia	Chordata	Charadriiformes	Alcidae	Brachyramphus	Brachyramphus marmoratus	1	44	212	7192402	2985	2481326	5229281	FALSE	Aves	Brachyramphus marmoratus	NA	NA
4287234	Brachyrampus marmoratus (Gmelin, 1789)	species	SYNONYM	FUZZY	Brachyrampus marmoratus	79	Animalia	Chordata	Charadriiformes	Alcidae	Brachyramphus	Brachyramphus marmoratus	1	44	212	7192402	2985	2481326	5229281	TRUE	Aves	Brachyramphus marmoratus	5229281	Similarity: name=75; authorship=0; classification=-2; rank=6; status=0
8363918	Synthliboramphus scrippsi Green & Arnold, 1939	species	ACCEPTED	EXACT	Synthliboramphus scrippsi	99	Animalia	Chordata	Charadriiformes	Alcidae	Synthliboramphus	Synthliboramphus scrippsi	1	44	212	7192402	2985	2481347	8363918	FALSE	Aves	Synthliboramphus scrippsi	NA	NA
2481351	Synthliboramphus hypoleucus (Xantus de Vesey, 1860)	species	ACCEPTED	EXACT	Synthliboramphus hypoleucus	99	Animalia	Chordata	Charadriiformes	Alcidae	Synthliboramphus	Synthliboramphus hypoleucus	1	44	212	7192402	2985	2481347	2481351	FALSE	Aves	Synthliboramphus hypoleucus	NA	NA
6170319	Coccyzus americanus occidentalis Ridgway, 1887	subspecies	SYNONYM	EXACT	Coccyzus americanus occidentalis	98	Animalia	Chordata	Cuculiformes	Cuculidae	Coccyzus	Coccyzus americanus	1	44	212	1492	9309	2496285	2496287	TRUE	Aves	Coccyzus americanus occidentalis	2496287	NA
2497430	Micrathene whitneyi (J.G.Cooper, 1861)	species	ACCEPTED	EXACT	Micrathene whitneyi	99	Animalia	Chordata	Strigiformes	Strigidae	Micrathene	Micrathene whitneyi	1	44	212	1450	9348	2497429	2497430	FALSE	Aves	Micrathene whitneyi	NA	NA
2497522	Strix nebulosa J.R.Forster, 1772	species	ACCEPTED	EXACT	Strix nebulosa	99	Animalia	Chordata	Strigiformes	Strigidae	Strix	Strix nebulosa	1	44	212	1450	9348	2497486	2497522	FALSE	Aves	Strix nebulosa	NA	NA
6176043	Strix occidentalis caurina (Merriam, 1898)	subspecies	ACCEPTED	EXACT	Strix occidentalis caurina	98	Animalia	Chordata	Strigiformes	Strigidae	Strix	Strix occidentalis	1	44	212	1450	9348	2497486	2497487	FALSE	Aves	Strix occidentalis caurina	NA	NA
2478248	Colaptes chrysoides (Malherbe, 1852)	species	ACCEPTED	EXACT	Colaptes chrysoides	99	Animalia	Chordata	Piciformes	Picidae	Colaptes	Colaptes chrysoides	1	44	212	724	9333	11016979	2478248	FALSE	Aves	Colaptes chrysoides	NA	NA
2478112	Melanerpes uropygialis (S.F.Baird, 1854)	species	ACCEPTED	EXACT	Melanerpes uropygialis	99	Animalia	Chordata	Piciformes	Picidae	Melanerpes	Melanerpes uropygialis	1	44	212	724	9333	2478067	2478112	FALSE	Aves	Melanerpes uropygialis	NA	NA
2482786	Empidonax traillii (Audubon, 1828)	species	ACCEPTED	EXACT	Empidonax traillii	99	Animalia	Chordata	Passeriformes	Tyrannidae	Empidonax	Empidonax traillii	1	44	212	729	5291	2482766	2482786	FALSE	Aves	Empidonax traillii	NA	NA
6174856	Empidonax traillii extimus A.R.Phillips, 1948	subspecies	ACCEPTED	EXACT	Empidonax traillii extimus	98	Animalia	Chordata	Passeriformes	Tyrannidae	Empidonax	Empidonax traillii	1	44	212	729	5291	2482766	2482786	FALSE	Aves	Empidonax traillii extimus	NA	NA
6172713	Lanius ludovicianus mearnsi Ridgway, 1903	subspecies	ACCEPTED	EXACT	Lanius ludovicianus mearnsi	98	Animalia	Chordata	Passeriformes	Laniidae	Lanius	Lanius ludovicianus	1	44	212	729	9315	2483315	2492870	FALSE	Aves	Lanius ludovicianus mearnsi	NA	NA
6175221	Vireo bellii arizonae Ridgway, 1903	subspecies	ACCEPTED	EXACT	Vireo bellii arizonae	98	Animalia	Chordata	Passeriformes	Vireonidae	Vireo	Vireo bellii	1	44	212	729	9358	2487406	2487441	FALSE	Aves	Vireo bellii arizonae	NA	NA
6175220	Vireo bellii pusillus Coues, 1866	subspecies	ACCEPTED	EXACT	Vireo bellii pusillus	98	Animalia	Chordata	Passeriformes	Vireonidae	Vireo	Vireo bellii	1	44	212	729	9358	2487406	2487441	FALSE	Aves	Vireo bellii pusillus	NA	NA
2489160	Riparia riparia (Linnaeus, 1758)	species	ACCEPTED	EXACT	Riparia riparia	99	Animalia	Chordata	Passeriformes	Hirundinidae	Riparia	Riparia riparia	1	44	212	729	5248	2489158	2489160	FALSE	Aves	Riparia riparia	NA	NA
7596905	Polioptila californica californica	subspecies	ACCEPTED	EXACT	Polioptila californica californica	98	Animalia	Chordata	Passeriformes	Polioptilidae	Polioptila	Polioptila californica	1	44	212	729	5789066	2487581	2487600	FALSE	Aves	Polioptila californica californica	NA	NA
8934987	Artemisiospiza belli clementeae (Ridgway, 1898)	subspecies	ACCEPTED	EXACT	Artemisiospiza belli clementeae	98	Animalia	Chordata	Passeriformes	Emberizidae	Artemisiospiza	Artemisiospiza belli	1	44	212	729	9608	6100796	6100797	FALSE	Aves	Artemisiospiza belli clementeae	NA	NA
6173883	Melospiza melodia graminea C.H.Townsend, 1890	subspecies	ACCEPTED	EXACT	Melospiza melodia graminea	98	Animalia	Chordata	Passeriformes	Emberizidae	Melospiza	Melospiza melodia	1	44	212	729	9608	2492191	2492196	FALSE	Aves	Melospiza melodia graminea	NA	NA
6091918	Melozone crissalis eremophila (van Rossem, 1935)	subspecies	ACCEPTED	FUZZY	Melozone crissalis eremophila	96	Animalia	Chordata	Passeriformes	Emberizidae	Melozone	Melozone crissalis	1	44	212	729	9608	2491170	7341600	FALSE	Aves	Melozone crissalis eremophilus	NA	NA
6173946	Passerculus sandwichensis beldingi Ridgway, 1885	subspecies	ACCEPTED	EXACT	Passerculus sandwichensis beldingi	98	Animalia	Chordata	Passeriformes	Emberizidae	Passerculus	Passerculus sandwichensis	1	44	212	729	9608	5231141	5231142	FALSE	Aves	Passerculus sandwichensis beldingi	NA	NA
2484445	Agelaius tricolor (Audubon, 1837)	species	ACCEPTED	EXACT	Agelaius tricolor	99	Animalia	Chordata	Passeriformes	Icteridae	Agelaius	Agelaius tricolor	1	44	212	729	6176	2484444	2484445	FALSE	Aves	Agelaius tricolor	NA	NA
6163345	Sorex ornatus relictus Grinnell, 1932	subspecies	ACCEPTED	EXACT	Sorex ornatus relictus	98	Animalia	Chordata	Soricomorpha	Soricidae	Sorex	Sorex ornatus	1	44	359	803	5534	2435935	2436078	FALSE	Mammalia	Sorex ornatus relictus	NA	NA
2433312	Leptonycteris yerbabuenae Martínez & Villa-R., 1940	species	ACCEPTED	EXACT	Leptonycteris yerbabuenae	99	Animalia	Chordata	Chiroptera	Phyllostomidae	Leptonycteris	Leptonycteris yerbabuenae	1	44	359	734	9366	2433311	2433312	FALSE	Mammalia	Leptonycteris yerbabuenae	NA	NA
6164827	Sylvilagus bachmani riparius Orr, 1935	subspecies	ACCEPTED	EXACT	Sylvilagus bachmani riparius	98	Animalia	Chordata	Lagomorpha	Leporidae	Sylvilagus	Sylvilagus bachmani	1	44	359	785	9379	2436839	2436846	FALSE	Mammalia	Sylvilagus bachmani riparius	NA	NA
6163526	Aplodontia rufa nigra Taylor, 1914	subspecies	ACCEPTED	EXACT	Aplodontia rufa nigra	98	Animalia	Chordata	Rodentia	Aplodontiidae	Aplodontia	Aplodontia rufa	1	44	359	1459	5491	2439689	2439690	FALSE	Mammalia	Aplodontia rufa nigra	NA	NA
2437569	Ammospermophilus nelsoni (Merriam, 1893)	species	ACCEPTED	EXACT	Ammospermophilus nelsoni	99	Animalia	Chordata	Rodentia	Sciuridae	Ammospermophilus	Ammospermophilus nelsoni	1	44	359	1459	9456	2437567	2437569	FALSE	Mammalia	Ammospermophilus nelsoni	NA	NA
7781204	Xerospermophilus mohavensis (Merriam, 1889)	species	ACCEPTED	EXACT	Xerospermophilus mohavensis	99	Animalia	Chordata	Rodentia	Sciuridae	Xerospermophilus	Xerospermophilus mohavensis	1	44	359	1459	9456	7838133	7781204	FALSE	Mammalia	Xerospermophilus mohavensis	NA	NA
6163506	Dipodomys heermanni morroensis (Merriam, 1907)	subspecies	ACCEPTED	EXACT	Dipodomys heermanni morroensis	98	Animalia	Chordata	Rodentia	Heteromyidae	Dipodomys	Dipodomys heermanni	1	44	359	1459	5504	2439509	2439536	FALSE	Mammalia	Dipodomys heermanni morroensis	NA	NA
2439550	Dipodomys ingens (Merriam, 1904)	species	ACCEPTED	EXACT	Dipodomys ingens	99	Animalia	Chordata	Rodentia	Heteromyidae	Dipodomys	Dipodomys ingens	1	44	359	1459	5504	2439509	2439550	FALSE	Mammalia	Dipodomys ingens	NA	NA
6163521	Dipodomys merriami parvus Rhoads, 1894	subspecies	ACCEPTED	EXACT	Dipodomys merriami parvus	98	Animalia	Chordata	Rodentia	Heteromyidae	Dipodomys	Dipodomys merriami	1	44	359	1459	5504	2439509	2439521	FALSE	Mammalia	Dipodomys merriami parvus	NA	NA
6163517	Dipodomys nitratoides exilis Merriam, 1894	subspecies	ACCEPTED	EXACT	Dipodomys nitratoides exilis	98	Animalia	Chordata	Rodentia	Heteromyidae	Dipodomys	Dipodomys nitratoides	1	44	359	1459	5504	2439509	2439524	FALSE	Mammalia	Dipodomys nitratoides exilis	NA	NA
7059259	Dipodomys nitratoides nitratoides	subspecies	ACCEPTED	EXACT	Dipodomys nitratoides nitratoides	98	Animalia	Chordata	Rodentia	Heteromyidae	Dipodomys	Dipodomys nitratoides	1	44	359	1459	5504	2439509	2439524	FALSE	Mammalia	Dipodomys nitratoides nitratoides	NA	NA
2439542	Dipodomys stephensi (Merriam, 1907)	species	ACCEPTED	EXACT	Dipodomys stephensi	99	Animalia	Chordata	Rodentia	Heteromyidae	Dipodomys	Dipodomys stephensi	1	44	359	1459	5504	2439509	2439542	FALSE	Mammalia	Dipodomys stephensi	NA	NA
6163502	Perognathus longimembris pacificus Mearns, 1898	subspecies	ACCEPTED	EXACT	Perognathus longimembris pacificus	98	Animalia	Chordata	Rodentia	Heteromyidae	Perognathus	Perognathus longimembris	1	44	359	1459	5504	2439552	2439563	FALSE	Mammalia	Perognathus longimembris pacificus	NA	NA
6163547	Microtus californicus scirpensis Bailey, 1900	subspecies	SYNONYM	EXACT	Microtus californicus scirpensis	98	Animalia	Chordata	Rodentia	Cricetidae	Microtus	Microtus californicus	1	44	359	1459	3240723	2438591	2438603	TRUE	Mammalia	Microtus californicus scirpensis	2438603	NA
6163573	Neotoma fuscipes riparia Hooper, 1938	subspecies	SYNONYM	EXACT	Neotoma fuscipes riparia	98	Animalia	Chordata	Rodentia	Cricetidae	Neotoma	Neotoma fuscipes	1	44	359	1459	3240723	2438433	2438455	TRUE	Mammalia	Neotoma fuscipes riparia	2438455	NA
2437867	Reithrodontomys raviventris Dixon, 1908	species	ACCEPTED	EXACT	Reithrodontomys raviventris	99	Animalia	Chordata	Rodentia	Cricetidae	Reithrodontomys	Reithrodontomys raviventris	1	44	359	1459	3240723	2437854	2437867	FALSE	Mammalia	Reithrodontomys raviventris	NA	NA
5219173	Canis lupus Linnaeus, 1758	species	ACCEPTED	EXACT	Canis lupus	99	Animalia	Chordata	Carnivora	Canidae	Canis	Canis lupus	1	44	359	732	9701	5219142	5219173	FALSE	Mammalia	Canis lupus	NA	NA
2434559	Urocyon littoralis (Baird, 1858)	species	ACCEPTED	EXACT	Urocyon littoralis	99	Animalia	Chordata	Carnivora	Canidae	Urocyon	Urocyon littoralis	1	44	359	732	9701	2434558	2434559	FALSE	Mammalia	Urocyon littoralis	NA	NA
6164355	Urocyon littoralis catalinae Merriam, 1903	subspecies	ACCEPTED	EXACT	Urocyon littoralis catalinae	98	Animalia	Chordata	Carnivora	Canidae	Urocyon	Urocyon littoralis	1	44	359	732	9701	2434558	2434559	FALSE	Mammalia	Urocyon littoralis catalinae	NA	NA
7193875	Urocyon littoralis littoralis	subspecies	ACCEPTED	EXACT	Urocyon littoralis littoralis	98	Animalia	Chordata	Carnivora	Canidae	Urocyon	Urocyon littoralis	1	44	359	732	9701	2434558	2434559	FALSE	Mammalia	Urocyon littoralis littoralis	NA	NA
6164354	Urocyon littoralis santacruzae Merriam, 1903	subspecies	ACCEPTED	EXACT	Urocyon littoralis santacruzae	98	Animalia	Chordata	Carnivora	Canidae	Urocyon	Urocyon littoralis	1	44	359	732	9701	2434558	2434559	FALSE	Mammalia	Urocyon littoralis santacruzae	NA	NA
6164352	Urocyon littoralis santarosae Grinnell & Linsdale, 1930	subspecies	ACCEPTED	EXACT	Urocyon littoralis santarosae	98	Animalia	Chordata	Carnivora	Canidae	Urocyon	Urocyon littoralis	1	44	359	732	9701	2434558	2434559	FALSE	Mammalia	Urocyon littoralis santarosae	NA	NA
6164308	Vulpes macrotis mutica Merriam, 1902	subspecies	SYNONYM	EXACT	Vulpes macrotis mutica	98	Animalia	Chordata	Carnivora	Canidae	Vulpes	Vulpes macrotis	1	44	359	732	9701	5219234	5219311	TRUE	Mammalia	Vulpes macrotis mutica	5219311	NA
6164287	Vulpes vulpes necator Merriam, 1900	subspecies	ACCEPTED	EXACT	Vulpes vulpes necator	98	Animalia	Chordata	Carnivora	Canidae	Vulpes	Vulpes vulpes	1	44	359	732	9701	5219234	5219243	FALSE	Mammalia	Vulpes vulpes necator	NA	NA
6163936	Enhydra lutris nereis (Merriam, 1904)	subspecies	ACCEPTED	EXACT	Enhydra lutris nereis	98	Animalia	Chordata	Carnivora	Mustelidae	Enhydra	Enhydra lutris	1	44	359	732	5307	2433669	2433670	FALSE	Mammalia	Enhydra lutris nereis	NA	NA
5219073	Gulo gulo (Linnaeus, 1758)	species	ACCEPTED	EXACT	Gulo gulo	99	Animalia	Chordata	Carnivora	Mustelidae	Gulo	Gulo gulo	1	44	359	732	5307	5219072	5219073	FALSE	Mammalia	Gulo gulo	NA	NA
5847373	Martes caurina (Merriam, 1890)	species	ACCEPTED	HIGHERRANK	Martes caurina	99	Animalia	Chordata	Carnivora	Mustelidae	Martes	Martes caurina	1	44	359	732	5307	2433765	5847373	FALSE	Mammalia	Martes caurina humboldtensis	NA	NA
8631083	Pekania pennanti (Erxleben, 1777)	species	ACCEPTED	EXACT	Pekania pennanti	99	Animalia	Chordata	Carnivora	Mustelidae	Pekania	Pekania pennanti	1	44	359	732	5307	4833759	8631083	FALSE	Mammalia	Pekania pennanti	NA	NA
2435099	Puma concolor (Linnaeus, 1771)	species	ACCEPTED	EXACT	Puma concolor	99	Animalia	Chordata	Carnivora	Felidae	Puma	Puma concolor	1	44	359	732	9703	2435098	2435099	FALSE	Mammalia	Puma concolor	NA	NA
2433478	Arctocephalus townsendi Merriam, 1897	species	SYNONYM	EXACT	Arctocephalus townsendi	98	Animalia	Chordata	Carnivora	Otariidae	Arctocephalus	Arctocephalus philippii	1	44	359	732	5309	2433469	2433470	TRUE	Mammalia	Arctocephalus townsendi	6486561	NA
2433462	Eumetopias jubatus (Schreber, 1776)	species	ACCEPTED	EXACT	Eumetopias jubatus	99	Animalia	Chordata	Carnivora	Otariidae	Eumetopias	Eumetopias jubatus	1	44	359	732	5309	2433461	2433462	FALSE	Mammalia	Eumetopias jubatus	NA	NA
9505501	Eumetopias lobatus (Gray, 1828)	species	SYNONYM	FUZZY	Eumetopias lobatus	9	Animalia	Chordata	Carnivora	Otariidae	Neophoca	Neophoca cinerea	1	44	359	732	5309	2433483	2433484	TRUE	Mammalia	Eumetopias jubatus	2433484	Similarity: name=5; authorship=0; classification=-2; rank=6; status=0
4262556	Ovis canadensis nelsoni Merriam, 1897	subspecies	ACCEPTED	EXACT	Ovis canadensis nelsoni	98	Animalia	Chordata	Artiodactyla	Bovidae	Ovis	Ovis canadensis	1	44	359	731	9614	9531221	2441119	FALSE	Mammalia	Ovis canadensis nelsoni	NA	NA
8781781	Ovis canadensis sierrae Grinnell, 1912	subspecies	ACCEPTED	EXACT	Ovis canadensis sierrae	98	Animalia	Chordata	Artiodactyla	Bovidae	Ovis	Ovis canadensis	1	44	359	731	9614	9531221	2441119	FALSE	Mammalia	Ovis canadensis sierrae	NA	NA
2440709	Balaenoptera borealis Lesson, 1828	species	ACCEPTED	EXACT	Balaenoptera borealis	99	Animalia	Chordata	Cetacea	Balaenopteridae	Balaenoptera	Balaenoptera borealis	1	44	359	733	5313	2440708	2440709	FALSE	Mammalia	Balaenoptera borealis	NA	NA
4970978	Balaenoptera borealina Van Beneden, 1880	species	SYNONYM	FUZZY	Balaenoptera borealina	90	Animalia	Chordata	Cetacea	Balaenopteridae	NA	NA	1	44	359	733	5313	NA	NA	TRUE	Mammalia	Balaenoptera borealis	5313	Similarity: name=90; authorship=0; classification=-2; rank=6; status=0
2440735	Balaenoptera musculus (Linnaeus, 1758)	species	ACCEPTED	EXACT	Balaenoptera musculus	99	Animalia	Chordata	Cetacea	Balaenopteridae	Balaenoptera	Balaenoptera musculus	1	44	359	733	5313	2440708	2440735	FALSE	Mammalia	Balaenoptera musculus	NA	NA
2440718	Balaenoptera physalus (Linnaeus, 1758)	species	ACCEPTED	EXACT	Balaenoptera physalus	99	Animalia	Chordata	Cetacea	Balaenopteridae	Balaenoptera	Balaenoptera physalus	1	44	359	733	5313	2440708	2440718	FALSE	Mammalia	Balaenoptera physalus	NA	NA
9512414	Balaenoptera physalis (Linnaeus, 1758)	species	SYNONYM	FUZZY	Balaenoptera physalis	90	Animalia	Chordata	Cetacea	Balaenopteridae	Balaenoptera	Balaenoptera physalus	1	44	359	733	5313	2440708	2440718	TRUE	Mammalia	Balaenoptera physalus	2440718	Similarity: name=90; authorship=0; classification=-2; rank=6; status=0
9747921	Eubalaena japonica (Lacépède, 1818)	species	ACCEPTED	EXACT	Eubalaena japonica	97	Animalia	Chordata	Cetacea	Balaenidae	Eubalaena	Eubalaena japonica	1	44	359	733	9682	2440331	9747921	FALSE	Mammalia	Eubalaena japonica	NA	NA
2440344	Eubalaena japonica (Gray, 1846)	species	SYNONYM	EXACT	Eubalaena japonica	97	Animalia	Chordata	Cetacea	Balaenidae	Eubalaena	Eubalaena japonica	1	44	359	733	9682	2440331	9747921	TRUE	Mammalia	Eubalaena japonica	9747921	Similarity: name=110; authorship=0; classification=-2; rank=6; status=0
2440704	Eschrichtius robustus (Lilljeborg, 1861)	species	ACCEPTED	EXACT	Eschrichtius robustus	97	Animalia	Chordata	Cetacea	Eschrichtiidae	Eschrichtius	Eschrichtius robustus	1	44	359	733	5315	2440703	2440704	FALSE	Mammalia	Eschrichtius robustus	NA	NA
9635521	Eschrichtius robustus (Van Beneden & Gervais, 1868)	species	SYNONYM	EXACT	Eschrichtius robustus	97	Animalia	Chordata	Cetacea	Eschrichtiidae	Eschrichtius	Eschrichtius robustus	1	44	359	733	5315	2440703	2440704	TRUE	Mammalia	Eschrichtius robustus	2440704	Similarity: name=110; authorship=0; classification=-2; rank=6; status=0
5220086	Megaptera novaeangliae (Borowski, 1781)	species	ACCEPTED	EXACT	Megaptera novaeangliae	97	Animalia	Chordata	Cetacea	Balaenopteridae	Megaptera	Megaptera novaeangliae	1	44	359	733	5313	2440748	5220086	FALSE	Mammalia	Megaptera novaeangliae	NA	NA
9809568	Megaptera novaeangliae (Brisson, 1762)	species	SYNONYM	EXACT	Megaptera novaeangliae	97	Animalia	Chordata	Cetacea	Balaenopteridae	Megaptera	Megaptera novaeangliae	1	44	359	733	5313	2440748	5220086	TRUE	Mammalia	Megaptera novaeangliae	5220086	Similarity: name=110; authorship=0; classification=-2; rank=6; status=0
11222593	Megaptera novaeangliea	species	SYNONYM	FUZZY	Megaptera novaeangliea	92	Animalia	Chordata	Cetacea	Balaenopteridae	Megaptera	Megaptera novaeangliae	1	44	359	733	5313	2440748	5220086	TRUE	Mammalia	Megaptera novaeangliae	5220086	Similarity: name=95; authorship=0; classification=-2; rank=6; status=0
2440483	Orcinus orca (Linnaeus, 1758)	species	ACCEPTED	EXACT	Orcinus orca	99	Animalia	Chordata	Cetacea	Delphinidae	Orcinus	Orcinus orca	1	44	359	733	5314	2440482	2440483	FALSE	Mammalia	Orcinus orca	NA	NA
8123917	Physeter macrocephalus Linnaeus, 1758	species	ACCEPTED	EXACT	Physeter macrocephalus	99	Animalia	Chordata	Cetacea	Physeteridae	Physeter	Physeter macrocephalus	1	44	359	733	5446	2440349	8123917	FALSE	Mammalia	Physeter macrocephalus	NA	NA
